# ************************************************************
# Sequel Pro SQL dump
# Версия 4541
#
# http://www.sequelpro.com/
# https://github.com/sequelpro/sequelpro
#
# Адрес: isdwiki.rsuh.ru (MySQL 5.7.29-0ubuntu0.18.04.1)
# Схема: handwriting_db
# Время создания: 2020-03-12 11:28:06 +0000
# ************************************************************


/*!40101 SET @OLD_CHARACTER_SET_CLIENT=@@CHARACTER_SET_CLIENT */;
/*!40101 SET @OLD_CHARACTER_SET_RESULTS=@@CHARACTER_SET_RESULTS */;
/*!40101 SET @OLD_COLLATION_CONNECTION=@@COLLATION_CONNECTION */;
/*!40101 SET NAMES utf8mb4_general_ci */;
/*!40014 SET @OLD_FOREIGN_KEY_CHECKS=@@FOREIGN_KEY_CHECKS, FOREIGN_KEY_CHECKS=0 */;
/*!40101 SET @OLD_SQL_MODE=@@SQL_MODE, SQL_MODE='NO_AUTO_VALUE_ON_ZERO' */;
/*!40111 SET @OLD_SQL_NOTES=@@SQL_NOTES, SQL_NOTES=0 */;


# Дамп таблицы hw_concretization
# ------------------------------------------------------------

DROP TABLE IF EXISTS `hw_concretization`;

CREATE TABLE `hw_concretization` (
  `concretization_id` int(11) NOT NULL AUTO_INCREMENT,
  `concretization` varchar(255) NOT NULL,
  `concretization_number` int(11) DEFAULT NULL,
  PRIMARY KEY (`concretization_id`)
) ENGINE=InnoDB DEFAULT CHARSET=utf8 AVG_ROW_LENGTH=819;

LOCK TABLES `hw_concretization` WRITE;
/*!40000 ALTER TABLE `hw_concretization` DISABLE KEYS */;

INSERT INTO `hw_concretization` (`concretization_id`, `concretization`, `concretization_number`)
VALUES
	(1,'пустая',1),
	(2,'левая часть',2),
	(3,'правая часть',3),
	(4,'верхняя часть',4),
	(5,'нижняя часть',5),
	(6,'начальная часть',6),
	(7,'средняя часть',7),
	(8,'заключительная часть',8),
	(9,'точка начала',9),
	(10,'точка окончания',10),
	(11,'дополнительный элемент',11),
	(17,'левая точка нижней части',12),
	(18,'строчная часть',13),
	(19,'точка соединения 2 и 3 элемента',14),
	(20,'верхняя точка',15),
	(21,'нижняя точка',16),
	(22,'левая точка',17),
	(23,'правая точка',18),
	(26,'точка соединения средней и заключительной частей',19),
	(27,'подстрочная часть',20);

/*!40000 ALTER TABLE `hw_concretization` ENABLE KEYS */;
UNLOCK TABLES;


# Дамп таблицы hw_element
# ------------------------------------------------------------

DROP TABLE IF EXISTS `hw_element`;

CREATE TABLE `hw_element` (
  `element_id` int(11) NOT NULL AUTO_INCREMENT,
  `element` varchar(255) DEFAULT NULL,
  `element_number` int(11) DEFAULT NULL,
  PRIMARY KEY (`element_id`)
) ENGINE=InnoDB DEFAULT CHARSET=utf8 AVG_ROW_LENGTH=1489;

LOCK TABLES `hw_element` WRITE;
/*!40000 ALTER TABLE `hw_element` DISABLE KEYS */;

INSERT INTO `hw_element` (`element_id`, `element`, `element_number`)
VALUES
	(1,'1 элемент',1),
	(2,'2 элемент',2),
	(3,'3 элемент',3),
	(4,'4 элемент',4),
	(5,'5 элемент',5),
	(6,'вся буква',6),
	(7,'заключительная часть',7),
	(8,'начальная часть',8),
	(9,'средняя часть',9),
	(10,'прямолинейная часть',10),
	(11,'петлевая часть',11);

/*!40000 ALTER TABLE `hw_element` ENABLE KEYS */;
UNLOCK TABLES;


# Дамп таблицы hw_general_sign_type
# ------------------------------------------------------------

DROP TABLE IF EXISTS `hw_general_sign_type`;

CREATE TABLE `hw_general_sign_type` (
  `general_sign_type_id` int(11) NOT NULL AUTO_INCREMENT,
  `general_sign_type` varchar(255) DEFAULT NULL,
  `general_sign_type_number` int(11) DEFAULT NULL,
  PRIMARY KEY (`general_sign_type_id`)
) ENGINE=InnoDB DEFAULT CHARSET=utf8 AVG_ROW_LENGTH=1170;

LOCK TABLES `hw_general_sign_type` WRITE;
/*!40000 ALTER TABLE `hw_general_sign_type` DISABLE KEYS */;

INSERT INTO `hw_general_sign_type` (`general_sign_type_id`, `general_sign_type`, `general_sign_type_number`)
VALUES
	(1,'общий вид',1),
	(2,'четкость',2),
	(3,'степень выработанности',3),
	(4,'координация движений',4),
	(5,'темп движений',5),
	(6,'конструктивная сложность',6),
	(7,'преобладающая форма движений',7),
	(8,'преобладающее направление движений',8),
	(9,'наклон подписи',9),
	(10,'преобладающая протяженность движений по вертикали',10),
	(11,'преобладающая протяженность движений по горизонтали',11),
	(12,'нажим',12),
	(13,'направление линии подписи',13),
	(14,'форма основания подписи',14);

/*!40000 ALTER TABLE `hw_general_sign_type` ENABLE KEYS */;
UNLOCK TABLES;


# Дамп таблицы hw_general_sign_value
# ------------------------------------------------------------

DROP TABLE IF EXISTS `hw_general_sign_value`;

CREATE TABLE `hw_general_sign_value` (
  `general_sign_value_id` int(11) NOT NULL AUTO_INCREMENT,
  `general_sign_type_id` int(11) DEFAULT NULL,
  `general_sign_value` varchar(255) DEFAULT NULL,
  `general_sign_value_number` int(11) DEFAULT NULL,
  PRIMARY KEY (`general_sign_value_id`),
  KEY `FK_hw_general_sign_value_general_sign_type_id` (`general_sign_type_id`),
  CONSTRAINT `FK_hw_general_sign_value_general_sign_type_id` FOREIGN KEY (`general_sign_type_id`) REFERENCES `hw_general_sign_type` (`general_sign_type_id`)
) ENGINE=InnoDB DEFAULT CHARSET=utf8 AVG_ROW_LENGTH=244;

LOCK TABLES `hw_general_sign_value` WRITE;
/*!40000 ALTER TABLE `hw_general_sign_value` DISABLE KEYS */;

INSERT INTO `hw_general_sign_value` (`general_sign_value_id`, `general_sign_type_id`, `general_sign_value`, `general_sign_value_number`)
VALUES
	(1,1,'неправильный многоугольник',1),
	(3,3,'выше средней',1),
	(4,6,'простой',1),
	(5,7,'дугообразно-петлевой',1),
	(6,7,'смешанный',2),
	(7,9,'правый',1),
	(8,3,'средний',2),
	(9,12,'дифференцированный средний',1),
	(10,13,'от горизонтального до поднимающегося',1),
	(11,14,'дугообразный',1),
	(12,14,'извилистый',2),
	(13,14,'прямолинейный',3),
	(14,3,'высокая',3),
	(15,10,'большой',1),
	(16,7,'дуговой',3),
	(17,8,'правоокружный',1),
	(18,13,'горизонтальное',2),
	(19,13,'поднимающееся',3),
	(20,2,'от четкой до нечеткой',1),
	(21,2,'четкая',2),
	(22,10,'от средней до большой',2),
	(23,8,'левоокружный',2),
	(24,14,'от прямолинейной до извилистой',4),
	(26,6,'усложненный',2),
	(27,7,'прямолинейно-дуговой',4),
	(28,8,'смешанный',3),
	(30,9,'от вертикального до правого',2),
	(31,9,'вертикальный',3),
	(32,5,'средний',1),
	(33,4,'выше средней',1),
	(34,5,'выше средней',2),
	(35,3,'низкая',4),
	(36,5,'высокий',3),
	(37,5,'низкий',4),
	(38,4,'средняя',2),
	(39,4,'высокая',3),
	(40,4,'низкая',4),
	(42,6,'упрощенная',3),
	(43,7,'прямолинейно-угловатый',5),
	(44,7,'округлый',6),
	(45,7,'извилистый',7),
	(46,7,'прямолинейный',8),
	(47,7,'дугообразная',9),
	(48,7,'овальная',10),
	(49,7,'ломаная',11),
	(50,9,'левый',4),
	(53,10,'средний',3),
	(54,10,'малая',4),
	(55,10,'сверхбольшой',5),
	(56,11,'средняя',1),
	(57,11,'сжатый',2),
	(58,11,'размашистый',3),
	(59,12,'недифференцированный',2),
	(60,13,'опускающееся',4),
	(61,14,'ступенчатая',5),
	(62,14,'дугообразная,  извилистая, прямолинейная',6),
	(63,14,'дугообразная, прямолинейная',7),
	(64,2,'нечеткая',3),
	(65,3,'от средней до выше средней',5),
	(66,4,'от средней до выше средней',5),
	(67,4,'от ниже средней до средней',6),
	(68,12,'дифференцированный малый',3),
	(69,12,'дифференцированный сильный',4),
	(70,9,'левый/вертикальный/правый',5),
	(71,13,'поднимающееся/горизонтальное/опускающееся',5),
	(72,14,'ступенчатая, прямолинейная, извилистая',8),
	(73,14,'дугообразная,  извилистая',9);

/*!40000 ALTER TABLE `hw_general_sign_value` ENABLE KEYS */;
UNLOCK TABLES;


# Дамп таблицы hw_general_writing
# ------------------------------------------------------------

DROP TABLE IF EXISTS `hw_general_writing`;

CREATE TABLE `hw_general_writing` (
  `general_writing_id` int(11) NOT NULL AUTO_INCREMENT,
  `set_id` int(11) DEFAULT NULL,
  `comment` text,
  `general_sign_value_id` int(11) DEFAULT NULL,
  `amount_sign` int(11) DEFAULT NULL,
  `amount_all` int(11) DEFAULT NULL,
  PRIMARY KEY (`general_writing_id`),
  KEY `FK_hw_general_writing_general_sign_value_id` (`general_sign_value_id`),
  KEY `FK_hw_general_writing_set_id` (`set_id`),
  CONSTRAINT `FK_hw_general_writing_general_sign_value_id` FOREIGN KEY (`general_sign_value_id`) REFERENCES `hw_general_sign_value` (`general_sign_value_id`),
  CONSTRAINT `FK_hw_general_writing_set_id` FOREIGN KEY (`set_id`) REFERENCES `hw_set` (`set_id`)
) ENGINE=InnoDB DEFAULT CHARSET=utf8 AVG_ROW_LENGTH=56;

LOCK TABLES `hw_general_writing` WRITE;
/*!40000 ALTER TABLE `hw_general_writing` DISABLE KEYS */;

INSERT INTO `hw_general_writing` (`general_writing_id`, `set_id`, `comment`, `general_sign_value_id`, `amount_sign`, `amount_all`)
VALUES
	(2,1,NULL,21,NULL,NULL),
	(3,1,NULL,3,NULL,NULL),
	(4,1,NULL,33,NULL,NULL),
	(5,1,NULL,34,NULL,NULL),
	(6,1,NULL,4,NULL,NULL),
	(7,1,NULL,5,NULL,NULL),
	(8,1,NULL,28,NULL,NULL),
	(9,1,NULL,7,NULL,NULL),
	(10,1,NULL,53,NULL,NULL),
	(11,1,NULL,56,NULL,NULL),
	(12,1,NULL,9,NULL,NULL),
	(13,1,NULL,10,NULL,NULL),
	(16,1,NULL,62,NULL,NULL),
	(17,1,NULL,1,NULL,NULL),
	(18,2,NULL,1,NULL,NULL),
	(19,2,NULL,21,NULL,NULL),
	(20,2,NULL,14,NULL,NULL),
	(21,2,NULL,39,NULL,NULL),
	(22,2,NULL,34,NULL,NULL),
	(23,2,NULL,4,NULL,NULL),
	(24,2,NULL,5,NULL,NULL),
	(25,2,NULL,28,NULL,NULL),
	(26,2,NULL,7,NULL,NULL),
	(27,2,NULL,53,NULL,NULL),
	(28,2,NULL,56,NULL,NULL),
	(29,2,NULL,9,NULL,NULL),
	(30,3,NULL,1,NULL,NULL),
	(31,3,NULL,21,NULL,NULL),
	(35,3,NULL,4,NULL,NULL),
	(36,3,NULL,6,NULL,NULL),
	(37,3,NULL,28,NULL,NULL),
	(38,3,NULL,7,NULL,NULL),
	(39,3,NULL,15,NULL,NULL),
	(40,3,NULL,56,NULL,NULL),
	(41,3,NULL,9,NULL,NULL),
	(42,3,NULL,10,NULL,NULL),
	(43,3,NULL,24,NULL,NULL),
	(44,4,NULL,1,NULL,NULL),
	(45,4,NULL,21,NULL,NULL),
	(46,4,NULL,3,NULL,NULL),
	(47,4,NULL,33,NULL,NULL),
	(48,4,NULL,36,NULL,NULL),
	(49,4,NULL,4,NULL,NULL),
	(50,4,NULL,16,NULL,NULL),
	(51,4,NULL,17,NULL,NULL),
	(52,4,NULL,7,NULL,NULL),
	(53,4,NULL,53,NULL,NULL),
	(54,4,NULL,9,NULL,NULL),
	(55,4,NULL,18,NULL,NULL),
	(56,4,NULL,13,NULL,NULL),
	(57,5,NULL,1,NULL,NULL),
	(58,5,NULL,21,NULL,NULL),
	(59,5,NULL,3,NULL,NULL),
	(60,5,NULL,33,NULL,NULL),
	(62,5,NULL,4,NULL,NULL),
	(63,5,NULL,5,NULL,NULL),
	(64,5,NULL,28,NULL,NULL),
	(65,5,NULL,7,NULL,NULL),
	(66,5,NULL,53,NULL,NULL),
	(67,5,NULL,9,NULL,NULL),
	(68,5,NULL,19,NULL,NULL),
	(69,5,NULL,12,NULL,NULL),
	(70,6,NULL,1,NULL,NULL),
	(71,6,NULL,21,NULL,NULL),
	(72,6,NULL,3,NULL,NULL),
	(73,6,NULL,33,NULL,NULL),
	(75,6,NULL,4,NULL,NULL),
	(76,6,NULL,5,NULL,NULL),
	(77,6,NULL,28,NULL,NULL),
	(78,6,NULL,7,NULL,NULL),
	(79,6,NULL,53,NULL,NULL),
	(80,6,NULL,56,NULL,NULL),
	(81,6,NULL,9,NULL,NULL),
	(82,6,NULL,10,NULL,NULL),
	(83,6,NULL,12,NULL,NULL),
	(84,7,NULL,1,NULL,NULL),
	(85,7,NULL,20,NULL,NULL),
	(86,7,NULL,3,NULL,NULL),
	(87,7,NULL,33,NULL,NULL),
	(88,7,NULL,36,NULL,NULL),
	(89,7,NULL,4,NULL,NULL),
	(90,7,NULL,5,NULL,NULL),
	(91,7,NULL,28,NULL,NULL),
	(92,7,NULL,7,NULL,NULL),
	(93,7,NULL,15,NULL,NULL),
	(94,7,NULL,56,NULL,NULL),
	(95,7,NULL,9,NULL,NULL),
	(96,7,NULL,10,NULL,NULL),
	(97,7,NULL,12,NULL,NULL),
	(98,8,NULL,1,NULL,NULL),
	(99,8,NULL,21,NULL,NULL),
	(100,8,NULL,3,NULL,NULL),
	(101,8,NULL,33,NULL,NULL),
	(102,8,NULL,36,NULL,NULL),
	(103,8,NULL,4,NULL,NULL),
	(104,8,NULL,5,NULL,NULL),
	(105,8,NULL,23,NULL,NULL),
	(106,8,NULL,7,NULL,NULL),
	(107,8,NULL,22,NULL,NULL),
	(108,8,NULL,56,NULL,NULL),
	(109,8,NULL,9,NULL,NULL),
	(110,8,NULL,10,NULL,NULL),
	(111,9,NULL,1,NULL,NULL),
	(112,9,NULL,21,NULL,NULL),
	(113,9,NULL,3,NULL,NULL),
	(115,9,NULL,34,NULL,NULL),
	(117,9,NULL,5,NULL,NULL),
	(118,9,NULL,28,NULL,NULL),
	(121,9,NULL,53,NULL,NULL),
	(122,9,NULL,56,NULL,NULL),
	(123,9,NULL,9,NULL,NULL),
	(125,9,NULL,12,NULL,NULL),
	(126,10,NULL,1,NULL,NULL),
	(127,10,NULL,21,NULL,NULL),
	(128,10,NULL,3,NULL,NULL),
	(129,10,NULL,34,NULL,NULL),
	(130,10,NULL,4,NULL,NULL),
	(131,10,NULL,6,NULL,NULL),
	(132,10,NULL,28,NULL,NULL),
	(133,10,NULL,7,NULL,NULL),
	(134,10,NULL,53,NULL,NULL),
	(135,10,NULL,9,NULL,NULL),
	(136,10,NULL,19,NULL,NULL),
	(137,10,NULL,24,NULL,NULL),
	(138,11,NULL,1,NULL,NULL),
	(139,11,NULL,21,NULL,NULL),
	(140,11,NULL,3,NULL,NULL),
	(141,11,NULL,33,NULL,NULL),
	(142,11,NULL,36,NULL,NULL),
	(143,11,NULL,4,NULL,NULL),
	(144,11,NULL,5,NULL,NULL),
	(145,11,NULL,23,NULL,NULL),
	(146,11,NULL,7,NULL,NULL),
	(147,11,NULL,53,NULL,NULL),
	(148,11,NULL,56,NULL,NULL),
	(149,11,NULL,9,NULL,NULL),
	(150,11,NULL,10,NULL,NULL),
	(151,11,NULL,24,NULL,NULL),
	(152,8,NULL,63,NULL,NULL),
	(153,29,NULL,1,NULL,NULL),
	(154,29,NULL,21,NULL,NULL),
	(155,29,NULL,65,NULL,NULL),
	(156,29,NULL,33,NULL,NULL),
	(157,29,NULL,32,NULL,NULL),
	(158,29,NULL,4,NULL,NULL),
	(159,29,NULL,5,NULL,NULL),
	(160,29,NULL,28,NULL,NULL),
	(161,29,NULL,30,NULL,NULL),
	(162,29,NULL,53,NULL,NULL),
	(163,29,NULL,9,NULL,NULL),
	(164,29,NULL,18,NULL,NULL),
	(165,29,NULL,12,NULL,NULL),
	(166,12,NULL,1,NULL,NULL),
	(167,12,NULL,21,NULL,NULL),
	(168,12,NULL,65,NULL,NULL),
	(169,12,NULL,66,NULL,NULL),
	(171,12,NULL,4,NULL,NULL),
	(172,12,NULL,5,NULL,NULL),
	(173,12,NULL,23,NULL,NULL),
	(174,12,NULL,53,NULL,NULL),
	(175,12,NULL,56,NULL,NULL),
	(176,12,NULL,9,NULL,NULL),
	(177,12,NULL,10,NULL,NULL),
	(178,12,NULL,62,NULL,NULL),
	(179,13,NULL,1,NULL,NULL),
	(180,13,NULL,21,NULL,NULL),
	(181,13,NULL,3,NULL,NULL),
	(182,13,NULL,33,NULL,NULL),
	(183,13,NULL,34,NULL,NULL),
	(184,13,NULL,4,NULL,NULL),
	(185,13,NULL,5,NULL,NULL),
	(186,13,NULL,17,NULL,NULL),
	(187,13,NULL,7,NULL,NULL),
	(188,13,NULL,53,NULL,NULL),
	(189,13,NULL,9,NULL,NULL),
	(190,13,NULL,10,NULL,NULL),
	(192,14,NULL,1,NULL,NULL),
	(193,14,NULL,21,NULL,NULL),
	(194,14,NULL,3,NULL,NULL),
	(195,14,NULL,33,NULL,NULL),
	(196,14,NULL,36,NULL,NULL),
	(197,14,NULL,4,NULL,NULL),
	(198,14,NULL,6,NULL,NULL),
	(199,14,NULL,28,NULL,NULL),
	(200,14,NULL,7,NULL,NULL),
	(201,14,NULL,53,NULL,NULL),
	(202,14,NULL,56,NULL,NULL),
	(203,14,NULL,9,NULL,NULL),
	(204,14,NULL,18,NULL,NULL),
	(205,14,NULL,24,NULL,NULL),
	(206,15,NULL,1,NULL,NULL),
	(207,15,NULL,21,NULL,NULL),
	(208,15,NULL,3,NULL,NULL),
	(210,15,NULL,38,NULL,NULL),
	(211,15,NULL,34,NULL,NULL),
	(212,15,NULL,4,NULL,NULL),
	(213,15,NULL,6,NULL,NULL),
	(214,15,NULL,23,NULL,NULL),
	(215,15,NULL,9,NULL,NULL),
	(216,15,NULL,10,NULL,NULL),
	(217,15,NULL,24,NULL,NULL),
	(218,16,NULL,1,NULL,NULL),
	(219,16,NULL,21,NULL,NULL),
	(220,16,NULL,14,NULL,NULL),
	(221,16,NULL,39,NULL,NULL),
	(222,16,NULL,34,NULL,NULL),
	(223,16,NULL,26,NULL,NULL),
	(224,16,NULL,5,NULL,NULL),
	(225,16,NULL,23,NULL,NULL),
	(226,16,NULL,7,NULL,NULL),
	(227,16,NULL,15,NULL,NULL),
	(228,16,NULL,56,NULL,NULL),
	(229,16,NULL,9,NULL,NULL),
	(230,16,NULL,19,NULL,NULL),
	(231,16,NULL,12,NULL,NULL),
	(232,17,NULL,1,NULL,NULL),
	(233,17,NULL,20,NULL,NULL),
	(234,17,NULL,14,NULL,NULL),
	(235,17,NULL,39,NULL,NULL),
	(236,17,NULL,36,NULL,NULL),
	(237,17,NULL,4,NULL,NULL),
	(238,17,NULL,27,NULL,NULL),
	(239,17,NULL,23,NULL,NULL),
	(240,17,NULL,7,NULL,NULL),
	(241,17,NULL,22,NULL,NULL),
	(242,17,NULL,56,NULL,NULL),
	(243,17,NULL,9,NULL,NULL),
	(244,17,NULL,10,NULL,NULL),
	(245,17,NULL,12,NULL,NULL),
	(246,18,NULL,1,NULL,NULL),
	(247,18,NULL,21,NULL,NULL),
	(248,18,NULL,3,NULL,NULL),
	(249,18,NULL,33,NULL,NULL),
	(250,18,NULL,34,NULL,NULL),
	(251,18,NULL,4,NULL,NULL),
	(252,18,NULL,6,NULL,NULL),
	(253,18,NULL,23,NULL,NULL),
	(254,18,NULL,7,NULL,NULL),
	(255,18,NULL,53,NULL,NULL),
	(256,18,NULL,56,NULL,NULL),
	(257,18,NULL,9,NULL,NULL),
	(258,18,NULL,10,NULL,NULL),
	(259,18,NULL,24,NULL,NULL),
	(260,19,NULL,1,NULL,NULL),
	(261,19,NULL,21,NULL,NULL),
	(262,19,NULL,14,NULL,NULL),
	(263,19,NULL,39,NULL,NULL),
	(264,19,NULL,36,NULL,NULL),
	(265,19,NULL,4,NULL,NULL),
	(266,19,NULL,5,NULL,NULL),
	(267,19,NULL,17,NULL,NULL),
	(268,19,NULL,7,NULL,NULL),
	(269,19,NULL,53,NULL,NULL),
	(270,19,NULL,56,NULL,NULL),
	(271,19,NULL,9,NULL,NULL),
	(272,19,NULL,18,NULL,NULL),
	(273,19,NULL,11,NULL,NULL),
	(274,20,NULL,1,NULL,NULL),
	(275,20,NULL,21,NULL,NULL),
	(276,20,NULL,3,NULL,NULL),
	(277,20,NULL,33,NULL,NULL),
	(278,20,NULL,34,NULL,NULL),
	(279,20,NULL,4,NULL,NULL),
	(280,20,NULL,5,NULL,NULL),
	(281,20,NULL,28,NULL,NULL),
	(282,20,NULL,7,NULL,NULL),
	(283,20,NULL,53,NULL,NULL),
	(284,20,NULL,9,NULL,NULL),
	(285,20,NULL,10,NULL,NULL),
	(286,20,NULL,63,NULL,NULL),
	(287,21,NULL,1,NULL,NULL),
	(288,21,NULL,21,NULL,NULL),
	(289,21,NULL,3,NULL,NULL),
	(290,21,NULL,39,NULL,NULL),
	(291,21,NULL,34,NULL,NULL),
	(292,21,NULL,4,NULL,NULL),
	(293,21,NULL,6,NULL,NULL),
	(294,21,NULL,23,NULL,NULL),
	(295,21,NULL,7,NULL,NULL),
	(296,21,NULL,53,NULL,NULL),
	(297,21,NULL,9,NULL,NULL),
	(298,21,NULL,18,NULL,NULL),
	(299,21,NULL,13,NULL,NULL),
	(300,42,NULL,1,NULL,NULL),
	(301,42,NULL,21,NULL,NULL),
	(302,42,NULL,3,NULL,NULL),
	(303,42,NULL,34,NULL,NULL),
	(304,42,NULL,4,NULL,NULL),
	(305,42,NULL,5,NULL,NULL),
	(306,42,NULL,28,NULL,NULL),
	(307,42,NULL,31,NULL,NULL),
	(308,42,NULL,53,NULL,NULL),
	(309,42,NULL,9,NULL,NULL),
	(312,30,NULL,1,NULL,NULL),
	(313,30,NULL,21,NULL,NULL),
	(314,30,NULL,3,NULL,NULL),
	(317,30,NULL,4,NULL,NULL),
	(318,30,NULL,6,NULL,NULL),
	(319,30,NULL,28,NULL,NULL),
	(320,30,NULL,7,NULL,NULL),
	(321,30,NULL,15,NULL,NULL),
	(322,30,NULL,56,NULL,NULL),
	(323,30,NULL,9,NULL,NULL),
	(324,30,NULL,10,NULL,NULL),
	(325,30,NULL,24,NULL,NULL),
	(326,32,NULL,1,NULL,NULL),
	(327,32,NULL,21,NULL,NULL),
	(328,32,NULL,3,NULL,NULL),
	(329,32,NULL,33,NULL,NULL),
	(330,32,NULL,36,NULL,NULL),
	(331,32,NULL,4,NULL,NULL),
	(332,32,NULL,16,NULL,NULL),
	(333,32,NULL,17,NULL,NULL),
	(334,32,NULL,7,NULL,NULL),
	(335,32,NULL,53,NULL,NULL),
	(336,32,NULL,56,NULL,NULL),
	(337,32,NULL,9,NULL,NULL),
	(338,32,NULL,18,NULL,NULL),
	(339,32,NULL,13,NULL,NULL),
	(340,33,NULL,1,NULL,NULL),
	(341,33,NULL,21,NULL,NULL),
	(342,33,NULL,3,NULL,NULL),
	(343,33,NULL,33,NULL,NULL),
	(344,33,NULL,34,NULL,NULL),
	(345,33,NULL,4,NULL,NULL),
	(346,33,NULL,5,NULL,NULL),
	(347,33,NULL,28,NULL,NULL),
	(348,33,NULL,7,NULL,NULL),
	(349,33,NULL,53,NULL,NULL),
	(350,33,NULL,9,NULL,NULL),
	(351,33,NULL,19,NULL,NULL),
	(352,33,NULL,12,NULL,NULL),
	(353,29,NULL,56,NULL,NULL),
	(354,42,NULL,33,NULL,NULL),
	(355,42,NULL,56,NULL,NULL),
	(357,42,NULL,12,NULL,NULL),
	(358,4,NULL,56,NULL,NULL),
	(359,33,NULL,56,NULL,NULL),
	(360,5,NULL,56,NULL,NULL),
	(361,34,NULL,1,NULL,NULL),
	(362,34,NULL,21,NULL,NULL),
	(363,34,NULL,3,NULL,NULL),
	(364,34,NULL,33,NULL,NULL),
	(365,34,NULL,34,NULL,NULL),
	(366,34,NULL,4,NULL,NULL),
	(367,34,NULL,5,NULL,NULL),
	(368,34,NULL,28,NULL,NULL),
	(369,34,NULL,7,NULL,NULL),
	(370,34,NULL,53,NULL,NULL),
	(371,34,NULL,56,NULL,NULL),
	(372,34,NULL,9,NULL,NULL),
	(373,34,NULL,19,NULL,NULL),
	(375,35,NULL,1,NULL,NULL),
	(376,35,NULL,20,NULL,NULL),
	(377,35,NULL,65,NULL,NULL),
	(378,35,NULL,33,NULL,NULL),
	(379,35,NULL,34,NULL,NULL),
	(380,35,NULL,4,NULL,NULL),
	(382,35,NULL,28,NULL,NULL),
	(383,35,NULL,7,NULL,NULL),
	(384,35,NULL,15,NULL,NULL),
	(385,35,NULL,56,NULL,NULL),
	(386,35,NULL,9,NULL,NULL),
	(387,35,NULL,19,NULL,NULL),
	(388,35,NULL,12,NULL,NULL),
	(389,36,NULL,1,NULL,NULL),
	(390,36,NULL,21,NULL,NULL),
	(391,36,NULL,3,NULL,NULL),
	(392,36,NULL,34,NULL,NULL),
	(393,36,NULL,4,NULL,NULL),
	(394,36,NULL,5,NULL,NULL),
	(395,36,NULL,23,NULL,NULL),
	(396,36,NULL,56,NULL,NULL),
	(397,36,NULL,53,NULL,NULL),
	(398,36,NULL,9,NULL,NULL),
	(399,36,NULL,18,NULL,NULL),
	(400,36,NULL,63,NULL,NULL),
	(401,37,NULL,1,NULL,NULL),
	(402,37,NULL,21,NULL,NULL),
	(403,37,NULL,3,NULL,NULL),
	(404,37,NULL,33,NULL,NULL),
	(405,37,NULL,34,NULL,NULL),
	(407,37,NULL,5,NULL,NULL),
	(408,37,NULL,28,NULL,NULL),
	(409,37,NULL,7,NULL,NULL),
	(410,37,NULL,53,NULL,NULL),
	(411,37,NULL,56,NULL,NULL),
	(412,37,NULL,9,NULL,NULL),
	(413,37,NULL,18,NULL,NULL),
	(414,37,NULL,12,NULL,NULL),
	(415,38,NULL,1,NULL,NULL),
	(416,38,NULL,21,NULL,NULL),
	(417,38,NULL,65,NULL,NULL),
	(418,38,NULL,33,NULL,NULL),
	(419,38,NULL,34,NULL,NULL),
	(420,38,NULL,4,NULL,NULL),
	(421,38,NULL,6,NULL,NULL),
	(422,38,NULL,28,NULL,NULL),
	(423,38,NULL,7,NULL,NULL),
	(424,38,NULL,53,NULL,NULL),
	(425,38,NULL,56,NULL,NULL),
	(426,38,NULL,9,NULL,NULL),
	(427,38,NULL,19,NULL,NULL),
	(428,38,NULL,24,NULL,NULL),
	(429,43,NULL,1,NULL,NULL),
	(430,43,NULL,21,NULL,NULL),
	(431,43,NULL,3,NULL,NULL),
	(432,43,NULL,33,NULL,NULL),
	(433,43,NULL,36,NULL,NULL),
	(434,43,NULL,4,NULL,NULL),
	(435,43,NULL,5,NULL,NULL),
	(436,43,NULL,23,NULL,NULL),
	(437,43,NULL,7,NULL,NULL),
	(438,43,NULL,15,NULL,NULL),
	(439,43,NULL,56,NULL,NULL),
	(440,43,NULL,9,NULL,NULL),
	(441,43,NULL,18,NULL,NULL),
	(442,43,NULL,12,NULL,NULL),
	(443,44,NULL,1,NULL,NULL),
	(444,44,NULL,21,NULL,NULL),
	(445,44,NULL,3,NULL,NULL),
	(446,44,NULL,33,NULL,NULL),
	(447,44,NULL,34,NULL,NULL),
	(448,44,NULL,4,NULL,NULL),
	(449,44,NULL,5,NULL,NULL),
	(450,44,NULL,23,NULL,NULL),
	(451,44,NULL,7,NULL,NULL),
	(452,44,NULL,53,NULL,NULL),
	(453,44,NULL,56,NULL,NULL),
	(454,44,NULL,9,NULL,NULL),
	(455,44,NULL,19,NULL,NULL),
	(456,44,NULL,12,NULL,NULL),
	(457,47,NULL,1,NULL,NULL),
	(458,47,NULL,21,NULL,NULL),
	(459,47,NULL,65,NULL,NULL),
	(460,47,NULL,33,NULL,NULL),
	(461,47,NULL,34,NULL,NULL),
	(462,47,NULL,4,NULL,NULL),
	(463,47,NULL,5,NULL,NULL),
	(464,47,NULL,17,NULL,NULL),
	(465,47,NULL,7,NULL,NULL),
	(466,47,NULL,53,NULL,NULL),
	(467,47,NULL,56,NULL,NULL),
	(468,47,NULL,9,NULL,NULL),
	(469,47,NULL,19,NULL,NULL),
	(470,47,NULL,11,NULL,NULL),
	(471,48,NULL,1,NULL,NULL),
	(472,48,NULL,21,NULL,NULL),
	(473,48,NULL,3,NULL,NULL),
	(474,48,NULL,33,NULL,NULL),
	(475,48,NULL,34,NULL,NULL),
	(476,48,NULL,4,NULL,NULL),
	(477,48,NULL,5,NULL,NULL),
	(478,48,NULL,28,NULL,NULL),
	(479,48,NULL,7,NULL,NULL),
	(480,48,NULL,53,NULL,NULL),
	(481,48,NULL,56,NULL,NULL),
	(482,48,NULL,9,NULL,NULL),
	(483,48,NULL,18,NULL,NULL),
	(484,48,NULL,11,NULL,NULL),
	(485,49,NULL,1,NULL,NULL),
	(486,49,NULL,21,NULL,NULL),
	(487,49,NULL,65,NULL,NULL),
	(488,49,NULL,33,NULL,NULL),
	(490,49,NULL,4,NULL,NULL),
	(491,49,NULL,6,NULL,NULL),
	(492,49,NULL,23,NULL,NULL),
	(493,49,NULL,7,NULL,NULL),
	(494,49,NULL,53,NULL,NULL),
	(495,49,NULL,22,NULL,NULL),
	(496,49,NULL,58,NULL,NULL),
	(497,49,NULL,9,NULL,NULL),
	(498,49,NULL,19,NULL,NULL),
	(499,49,NULL,12,NULL,NULL),
	(500,50,NULL,1,NULL,NULL),
	(501,50,NULL,21,NULL,NULL),
	(502,50,NULL,3,NULL,NULL),
	(503,50,NULL,33,NULL,NULL),
	(504,50,NULL,34,NULL,NULL),
	(505,50,NULL,26,NULL,NULL),
	(506,50,NULL,5,NULL,NULL),
	(507,50,NULL,23,NULL,NULL),
	(508,50,NULL,7,NULL,NULL),
	(509,50,NULL,15,NULL,NULL),
	(510,50,NULL,58,NULL,NULL),
	(511,50,NULL,9,NULL,NULL),
	(512,50,NULL,18,NULL,NULL),
	(513,50,NULL,12,NULL,NULL),
	(694,81,NULL,1,NULL,NULL),
	(695,81,NULL,21,NULL,NULL),
	(696,81,NULL,3,NULL,NULL),
	(697,81,NULL,33,NULL,NULL),
	(698,81,NULL,34,NULL,NULL),
	(699,81,NULL,4,NULL,NULL),
	(700,81,NULL,5,NULL,NULL),
	(701,81,NULL,28,NULL,NULL),
	(702,81,NULL,7,NULL,NULL),
	(703,81,NULL,53,NULL,NULL),
	(704,81,NULL,56,NULL,NULL),
	(705,81,NULL,9,NULL,NULL),
	(706,81,NULL,10,NULL,NULL),
	(707,81,NULL,62,NULL,NULL),
	(708,82,NULL,1,NULL,NULL),
	(709,82,NULL,21,NULL,NULL),
	(710,82,NULL,65,NULL,NULL),
	(711,82,NULL,66,NULL,NULL),
	(712,82,NULL,34,NULL,NULL),
	(713,82,NULL,4,NULL,NULL),
	(714,82,NULL,6,NULL,NULL),
	(715,82,NULL,23,NULL,NULL),
	(716,82,NULL,7,NULL,NULL),
	(717,82,NULL,22,NULL,NULL),
	(718,82,NULL,58,NULL,NULL),
	(719,82,NULL,19,NULL,NULL),
	(720,82,NULL,12,NULL,NULL),
	(721,83,NULL,1,NULL,NULL),
	(722,83,NULL,21,NULL,NULL),
	(723,83,NULL,3,NULL,NULL),
	(724,83,NULL,66,NULL,NULL),
	(725,83,NULL,34,NULL,NULL),
	(726,83,NULL,26,NULL,NULL),
	(727,83,NULL,5,NULL,NULL),
	(728,83,NULL,28,NULL,NULL),
	(729,83,NULL,7,NULL,NULL),
	(730,83,NULL,15,NULL,NULL),
	(731,83,NULL,56,NULL,NULL),
	(732,83,NULL,9,NULL,NULL),
	(733,83,NULL,19,NULL,NULL),
	(734,83,NULL,12,NULL,NULL),
	(735,84,NULL,1,NULL,NULL),
	(736,84,NULL,21,NULL,NULL),
	(737,84,NULL,3,NULL,NULL),
	(738,84,NULL,33,NULL,NULL),
	(739,84,NULL,34,NULL,NULL),
	(740,84,NULL,4,NULL,NULL),
	(741,84,NULL,5,NULL,NULL),
	(742,84,NULL,23,NULL,NULL),
	(743,84,NULL,7,NULL,NULL),
	(744,84,NULL,53,NULL,NULL),
	(745,84,NULL,56,NULL,NULL),
	(746,84,NULL,9,NULL,NULL),
	(747,84,NULL,10,NULL,NULL),
	(748,84,NULL,24,NULL,NULL),
	(749,53,NULL,1,NULL,NULL),
	(750,53,NULL,21,NULL,NULL),
	(751,53,NULL,3,NULL,NULL),
	(752,53,NULL,33,NULL,NULL),
	(753,53,NULL,34,NULL,NULL),
	(754,53,NULL,4,NULL,NULL),
	(755,53,NULL,5,NULL,NULL),
	(756,53,NULL,23,NULL,NULL),
	(757,53,NULL,7,NULL,NULL),
	(758,53,NULL,53,NULL,NULL),
	(759,53,NULL,56,NULL,NULL),
	(760,53,NULL,9,NULL,NULL),
	(761,53,NULL,19,NULL,NULL),
	(762,53,NULL,12,NULL,NULL),
	(763,51,NULL,1,NULL,NULL),
	(764,51,NULL,21,NULL,NULL),
	(765,51,NULL,3,NULL,NULL),
	(766,51,NULL,66,NULL,NULL),
	(767,51,NULL,34,NULL,NULL),
	(768,51,NULL,4,NULL,NULL),
	(769,51,NULL,5,NULL,NULL),
	(770,51,NULL,23,NULL,NULL),
	(771,51,NULL,7,NULL,NULL),
	(772,51,NULL,15,NULL,NULL),
	(773,51,NULL,56,NULL,NULL),
	(774,51,NULL,9,NULL,NULL),
	(775,51,NULL,60,NULL,NULL),
	(777,85,NULL,1,NULL,NULL),
	(778,85,NULL,20,NULL,NULL),
	(779,85,NULL,3,NULL,NULL),
	(780,85,NULL,33,NULL,NULL),
	(781,85,NULL,34,NULL,NULL),
	(782,85,NULL,4,NULL,NULL),
	(783,85,NULL,5,NULL,NULL),
	(784,85,NULL,23,NULL,NULL),
	(785,85,NULL,7,NULL,NULL),
	(786,85,NULL,22,NULL,NULL),
	(787,85,NULL,56,NULL,NULL),
	(788,85,NULL,9,NULL,NULL),
	(789,85,NULL,10,NULL,NULL),
	(790,85,NULL,62,NULL,NULL),
	(791,55,NULL,1,NULL,NULL),
	(792,55,NULL,21,NULL,NULL),
	(793,55,NULL,3,NULL,NULL),
	(794,55,NULL,33,NULL,NULL),
	(795,55,NULL,34,NULL,NULL),
	(796,55,NULL,4,NULL,NULL),
	(797,55,NULL,5,NULL,NULL),
	(798,55,NULL,28,NULL,NULL),
	(799,55,NULL,7,NULL,NULL),
	(800,55,NULL,53,NULL,NULL),
	(801,55,NULL,56,NULL,NULL),
	(802,55,NULL,9,NULL,NULL),
	(803,55,NULL,18,NULL,NULL),
	(804,55,NULL,24,NULL,NULL),
	(805,86,NULL,1,NULL,NULL),
	(806,86,NULL,21,NULL,NULL),
	(807,86,NULL,3,NULL,NULL),
	(808,86,NULL,33,NULL,NULL),
	(809,86,NULL,34,NULL,NULL),
	(810,86,NULL,4,NULL,NULL),
	(811,86,NULL,5,NULL,NULL),
	(812,86,NULL,28,NULL,NULL),
	(813,86,NULL,7,NULL,NULL),
	(814,86,NULL,53,NULL,NULL),
	(815,86,NULL,56,NULL,NULL),
	(816,86,NULL,9,NULL,NULL),
	(817,86,NULL,10,NULL,NULL),
	(818,86,NULL,62,NULL,NULL),
	(819,56,NULL,1,NULL,NULL),
	(820,56,NULL,21,NULL,NULL),
	(821,56,NULL,3,NULL,NULL),
	(822,56,NULL,33,NULL,NULL),
	(823,56,NULL,34,NULL,NULL),
	(824,56,NULL,4,NULL,NULL),
	(825,56,NULL,6,NULL,NULL),
	(826,56,NULL,28,NULL,NULL),
	(827,56,NULL,7,NULL,NULL),
	(828,56,NULL,53,NULL,NULL),
	(829,56,NULL,56,NULL,NULL),
	(830,56,NULL,9,NULL,NULL),
	(831,56,NULL,18,NULL,NULL),
	(832,56,NULL,12,NULL,NULL),
	(833,87,NULL,1,NULL,NULL),
	(834,87,NULL,21,NULL,NULL),
	(835,87,NULL,3,NULL,NULL),
	(836,87,NULL,33,NULL,NULL),
	(837,87,NULL,34,NULL,NULL),
	(838,87,NULL,4,NULL,NULL),
	(839,87,NULL,6,NULL,NULL),
	(840,87,NULL,28,NULL,NULL),
	(841,87,NULL,7,NULL,NULL),
	(842,87,NULL,53,NULL,NULL),
	(843,87,NULL,56,NULL,NULL),
	(844,87,NULL,9,NULL,NULL),
	(845,87,NULL,10,NULL,NULL),
	(846,87,NULL,12,NULL,NULL),
	(847,22,NULL,1,NULL,NULL),
	(848,22,NULL,21,NULL,NULL),
	(849,22,NULL,3,NULL,NULL),
	(850,22,NULL,34,NULL,NULL),
	(851,22,NULL,4,NULL,NULL),
	(852,22,NULL,5,NULL,NULL),
	(853,22,NULL,28,NULL,NULL),
	(854,22,NULL,7,NULL,NULL),
	(855,22,NULL,22,NULL,NULL),
	(856,22,NULL,56,NULL,NULL),
	(857,22,NULL,9,NULL,NULL),
	(858,22,NULL,10,NULL,NULL),
	(859,22,NULL,62,NULL,NULL),
	(860,57,NULL,1,NULL,NULL),
	(861,57,NULL,21,NULL,NULL),
	(862,57,NULL,3,NULL,NULL),
	(863,57,NULL,33,NULL,NULL),
	(864,57,NULL,34,NULL,NULL),
	(865,57,NULL,4,NULL,NULL),
	(866,57,NULL,5,NULL,NULL),
	(867,57,NULL,28,NULL,NULL),
	(868,57,NULL,7,NULL,NULL),
	(869,57,NULL,53,NULL,NULL),
	(870,57,NULL,56,NULL,NULL),
	(871,57,NULL,9,NULL,NULL),
	(872,57,NULL,19,NULL,NULL),
	(873,57,NULL,11,NULL,NULL),
	(874,88,NULL,1,NULL,NULL),
	(875,88,NULL,21,NULL,NULL),
	(876,88,NULL,3,NULL,NULL),
	(877,88,NULL,33,NULL,NULL),
	(878,88,NULL,34,NULL,NULL),
	(879,88,NULL,4,NULL,NULL),
	(880,88,NULL,5,NULL,NULL),
	(881,88,NULL,28,NULL,NULL),
	(882,88,NULL,7,NULL,NULL),
	(883,88,NULL,53,NULL,NULL),
	(884,88,NULL,56,NULL,NULL),
	(885,88,NULL,9,NULL,NULL),
	(886,88,NULL,10,NULL,NULL),
	(887,88,NULL,63,NULL,NULL),
	(888,23,NULL,1,NULL,NULL),
	(889,23,NULL,20,NULL,NULL),
	(890,23,NULL,3,NULL,NULL),
	(891,23,NULL,33,NULL,NULL),
	(892,23,NULL,34,NULL,NULL),
	(893,23,NULL,4,NULL,NULL),
	(894,23,NULL,6,NULL,NULL),
	(895,23,NULL,23,NULL,NULL),
	(896,23,NULL,7,NULL,NULL),
	(897,23,NULL,53,NULL,NULL),
	(898,23,NULL,56,NULL,NULL),
	(899,23,NULL,9,NULL,NULL),
	(900,23,NULL,10,NULL,NULL),
	(901,23,NULL,63,NULL,NULL),
	(902,58,NULL,1,NULL,NULL),
	(903,58,NULL,21,NULL,NULL),
	(904,58,NULL,65,NULL,NULL),
	(905,58,NULL,66,NULL,NULL),
	(906,58,NULL,34,NULL,NULL),
	(907,58,NULL,4,NULL,NULL),
	(908,58,NULL,5,NULL,NULL),
	(909,58,NULL,23,NULL,NULL),
	(910,58,NULL,7,NULL,NULL),
	(911,58,NULL,53,NULL,NULL),
	(912,58,NULL,56,NULL,NULL),
	(913,58,NULL,9,NULL,NULL),
	(914,58,NULL,18,NULL,NULL),
	(915,58,NULL,11,NULL,NULL),
	(916,90,NULL,1,NULL,NULL),
	(917,90,NULL,21,NULL,NULL),
	(918,90,NULL,65,NULL,NULL),
	(919,90,NULL,66,NULL,NULL),
	(920,90,NULL,34,NULL,NULL),
	(921,90,NULL,4,NULL,NULL),
	(922,90,NULL,5,NULL,NULL),
	(923,90,NULL,23,NULL,NULL),
	(924,90,NULL,7,NULL,NULL),
	(925,90,NULL,53,NULL,NULL),
	(926,90,NULL,56,NULL,NULL),
	(927,90,NULL,9,NULL,NULL),
	(928,90,NULL,10,NULL,NULL),
	(929,90,NULL,62,NULL,NULL),
	(930,24,NULL,1,NULL,NULL),
	(931,24,NULL,21,NULL,NULL),
	(932,24,NULL,3,NULL,NULL),
	(933,24,NULL,33,NULL,NULL),
	(934,24,NULL,34,NULL,NULL),
	(935,24,NULL,4,NULL,NULL),
	(936,24,NULL,5,NULL,NULL),
	(937,24,NULL,23,NULL,NULL),
	(938,24,NULL,7,NULL,NULL),
	(939,24,NULL,53,NULL,NULL),
	(940,24,NULL,56,NULL,NULL),
	(941,24,NULL,9,NULL,NULL),
	(942,24,NULL,19,NULL,NULL),
	(943,24,NULL,62,NULL,NULL),
	(944,60,NULL,1,NULL,NULL),
	(945,60,NULL,21,NULL,NULL),
	(946,60,NULL,3,NULL,NULL),
	(947,60,NULL,33,NULL,NULL),
	(948,60,NULL,34,NULL,NULL),
	(949,60,NULL,4,NULL,NULL),
	(950,60,NULL,5,NULL,NULL),
	(951,60,NULL,23,NULL,NULL),
	(952,60,NULL,7,NULL,NULL),
	(953,60,NULL,53,NULL,NULL),
	(954,60,NULL,56,NULL,NULL),
	(955,60,NULL,9,NULL,NULL),
	(956,60,NULL,18,NULL,NULL),
	(957,60,NULL,12,NULL,NULL),
	(958,92,NULL,1,NULL,NULL),
	(959,92,NULL,21,NULL,NULL),
	(960,92,NULL,3,NULL,NULL),
	(961,92,NULL,33,NULL,NULL),
	(962,92,NULL,34,NULL,NULL),
	(963,92,NULL,4,NULL,NULL),
	(964,92,NULL,5,NULL,NULL),
	(965,92,NULL,23,NULL,NULL),
	(966,92,NULL,7,NULL,NULL),
	(967,92,NULL,53,NULL,NULL),
	(968,92,NULL,56,NULL,NULL),
	(969,92,NULL,9,NULL,NULL),
	(970,92,NULL,10,NULL,NULL),
	(971,92,NULL,62,NULL,NULL),
	(972,26,NULL,1,NULL,NULL),
	(973,26,NULL,21,NULL,NULL),
	(974,26,NULL,3,NULL,NULL),
	(975,26,NULL,33,NULL,NULL),
	(976,26,NULL,4,NULL,NULL),
	(977,26,NULL,5,NULL,NULL),
	(978,26,NULL,28,NULL,NULL),
	(979,26,NULL,7,NULL,NULL),
	(980,26,NULL,53,NULL,NULL),
	(981,26,NULL,22,NULL,NULL),
	(982,26,NULL,56,NULL,NULL),
	(983,26,NULL,9,NULL,NULL),
	(984,26,NULL,71,NULL,NULL),
	(985,26,NULL,62,NULL,NULL),
	(986,63,NULL,1,NULL,NULL),
	(987,63,NULL,21,NULL,NULL),
	(988,63,NULL,65,NULL,NULL),
	(989,63,NULL,66,NULL,NULL),
	(990,63,NULL,34,NULL,NULL),
	(991,63,NULL,4,NULL,NULL),
	(992,63,NULL,5,NULL,NULL),
	(993,63,NULL,28,NULL,NULL),
	(994,63,NULL,7,NULL,NULL),
	(995,63,NULL,53,NULL,NULL),
	(996,63,NULL,56,NULL,NULL),
	(997,63,NULL,9,NULL,NULL),
	(998,63,NULL,60,NULL,NULL),
	(999,63,NULL,11,NULL,NULL),
	(1000,95,NULL,1,NULL,NULL),
	(1001,95,NULL,21,NULL,NULL),
	(1002,95,NULL,3,NULL,NULL),
	(1003,95,NULL,66,NULL,NULL),
	(1004,95,NULL,34,NULL,NULL),
	(1005,95,NULL,4,NULL,NULL),
	(1006,95,NULL,5,NULL,NULL),
	(1007,95,NULL,28,NULL,NULL),
	(1008,95,NULL,7,NULL,NULL),
	(1009,95,NULL,53,NULL,NULL),
	(1010,95,NULL,56,NULL,NULL),
	(1011,95,NULL,9,NULL,NULL),
	(1012,95,NULL,71,NULL,NULL),
	(1013,95,NULL,62,NULL,NULL),
	(1014,54,NULL,1,NULL,NULL),
	(1015,54,NULL,21,NULL,NULL),
	(1016,54,NULL,65,NULL,NULL),
	(1017,54,NULL,66,NULL,NULL),
	(1018,54,NULL,34,NULL,NULL),
	(1019,54,NULL,4,NULL,NULL),
	(1020,54,NULL,5,NULL,NULL),
	(1021,54,NULL,17,NULL,NULL),
	(1022,54,NULL,7,NULL,NULL),
	(1023,54,NULL,15,NULL,NULL),
	(1024,54,NULL,56,NULL,NULL),
	(1025,54,NULL,9,NULL,NULL),
	(1026,54,NULL,71,NULL,NULL),
	(1027,54,NULL,11,NULL,NULL),
	(1028,96,NULL,1,NULL,NULL),
	(1029,96,NULL,21,NULL,NULL),
	(1030,96,NULL,65,NULL,NULL),
	(1031,96,NULL,66,NULL,NULL),
	(1032,96,NULL,34,NULL,NULL),
	(1033,96,NULL,4,NULL,NULL),
	(1034,96,NULL,5,NULL,NULL),
	(1035,96,NULL,17,NULL,NULL),
	(1036,96,NULL,7,NULL,NULL),
	(1037,96,NULL,15,NULL,NULL),
	(1038,96,NULL,56,NULL,NULL),
	(1039,96,NULL,9,NULL,NULL),
	(1040,96,NULL,71,NULL,NULL),
	(1041,96,NULL,62,NULL,NULL),
	(1043,97,NULL,1,NULL,NULL),
	(1044,97,NULL,21,NULL,NULL),
	(1045,97,NULL,65,NULL,NULL),
	(1046,97,NULL,66,NULL,NULL),
	(1047,97,NULL,34,NULL,NULL),
	(1048,97,NULL,4,NULL,NULL),
	(1049,97,NULL,5,NULL,NULL),
	(1050,97,NULL,28,NULL,NULL),
	(1051,97,NULL,30,NULL,NULL),
	(1052,97,NULL,53,NULL,NULL),
	(1053,97,NULL,56,NULL,NULL),
	(1054,97,NULL,9,NULL,NULL),
	(1055,97,NULL,10,NULL,NULL),
	(1056,97,NULL,24,NULL,NULL),
	(1057,98,NULL,1,NULL,NULL),
	(1058,98,NULL,21,NULL,NULL),
	(1059,98,NULL,65,NULL,NULL),
	(1060,98,NULL,66,NULL,NULL),
	(1061,98,NULL,34,NULL,NULL),
	(1062,98,NULL,4,NULL,NULL),
	(1063,98,NULL,5,NULL,NULL),
	(1064,98,NULL,28,NULL,NULL),
	(1065,98,NULL,70,NULL,NULL),
	(1066,99,NULL,1,NULL,NULL),
	(1067,99,NULL,20,NULL,NULL),
	(1068,99,NULL,65,NULL,NULL),
	(1069,99,NULL,66,NULL,NULL),
	(1070,99,NULL,34,NULL,NULL),
	(1071,99,NULL,4,NULL,NULL),
	(1072,99,NULL,6,NULL,NULL),
	(1073,99,NULL,28,NULL,NULL),
	(1074,99,NULL,7,NULL,NULL),
	(1075,99,NULL,15,NULL,NULL),
	(1076,99,NULL,56,NULL,NULL),
	(1077,99,NULL,9,NULL,NULL),
	(1078,99,NULL,10,NULL,NULL),
	(1079,99,NULL,62,NULL,NULL),
	(1080,100,NULL,1,NULL,NULL),
	(1081,100,NULL,21,NULL,NULL),
	(1084,100,NULL,36,NULL,NULL),
	(1085,100,NULL,4,NULL,NULL),
	(1086,100,NULL,6,NULL,NULL),
	(1087,100,NULL,17,NULL,NULL),
	(1088,100,NULL,7,NULL,NULL),
	(1089,100,NULL,53,NULL,NULL),
	(1090,100,NULL,56,NULL,NULL),
	(1091,100,NULL,9,NULL,NULL),
	(1093,100,NULL,13,NULL,NULL),
	(1094,101,NULL,1,NULL,NULL),
	(1095,101,NULL,21,NULL,NULL),
	(1096,101,NULL,3,NULL,NULL),
	(1097,101,NULL,33,NULL,NULL),
	(1098,101,NULL,34,NULL,NULL),
	(1099,101,NULL,4,NULL,NULL),
	(1100,101,NULL,5,NULL,NULL),
	(1101,101,NULL,28,NULL,NULL),
	(1102,101,NULL,7,NULL,NULL),
	(1103,101,NULL,53,NULL,NULL),
	(1104,101,NULL,56,NULL,NULL),
	(1105,101,NULL,9,NULL,NULL),
	(1106,101,NULL,19,NULL,NULL),
	(1107,101,NULL,73,NULL,NULL),
	(1108,102,NULL,1,NULL,NULL),
	(1109,102,NULL,21,NULL,NULL),
	(1110,102,NULL,65,NULL,NULL),
	(1111,102,NULL,33,NULL,NULL),
	(1112,102,NULL,34,NULL,NULL),
	(1113,102,NULL,4,NULL,NULL),
	(1114,102,NULL,6,NULL,NULL),
	(1115,102,NULL,23,NULL,NULL),
	(1116,102,NULL,70,NULL,NULL),
	(1117,102,NULL,53,NULL,NULL),
	(1118,102,NULL,56,NULL,NULL),
	(1119,102,NULL,9,NULL,NULL),
	(1120,102,NULL,71,NULL,NULL),
	(1121,102,NULL,73,NULL,NULL),
	(1122,104,NULL,1,NULL,NULL),
	(1123,104,NULL,21,NULL,NULL),
	(1124,104,NULL,14,NULL,NULL),
	(1125,104,NULL,33,NULL,NULL),
	(1126,104,NULL,34,NULL,NULL),
	(1127,104,NULL,4,NULL,NULL),
	(1128,104,NULL,5,NULL,NULL),
	(1129,104,NULL,28,NULL,NULL),
	(1130,104,NULL,7,NULL,NULL),
	(1131,105,NULL,1,NULL,NULL),
	(1132,105,NULL,21,NULL,NULL),
	(1133,105,NULL,3,NULL,NULL),
	(1134,105,NULL,33,NULL,NULL),
	(1135,105,NULL,34,NULL,NULL),
	(1137,105,NULL,5,NULL,NULL),
	(1138,105,NULL,28,NULL,NULL),
	(1139,105,NULL,7,NULL,NULL),
	(1140,105,NULL,53,NULL,NULL),
	(1141,105,NULL,56,NULL,NULL),
	(1142,105,NULL,9,NULL,NULL),
	(1143,105,NULL,71,NULL,NULL),
	(1144,105,NULL,12,NULL,NULL),
	(1145,106,NULL,1,NULL,NULL),
	(1146,106,NULL,21,NULL,NULL),
	(1147,106,NULL,65,NULL,NULL),
	(1148,106,NULL,66,NULL,NULL),
	(1149,106,NULL,34,NULL,NULL),
	(1150,106,NULL,4,NULL,NULL),
	(1151,106,NULL,5,NULL,NULL),
	(1152,106,NULL,23,NULL,NULL),
	(1153,106,NULL,7,NULL,NULL),
	(1154,106,NULL,53,NULL,NULL),
	(1155,106,NULL,56,NULL,NULL),
	(1156,106,NULL,9,NULL,NULL),
	(1157,106,NULL,19,NULL,NULL),
	(1158,106,NULL,73,NULL,NULL),
	(1159,107,NULL,1,NULL,NULL),
	(1160,107,NULL,21,NULL,NULL),
	(1161,107,NULL,65,NULL,NULL),
	(1162,107,NULL,66,NULL,NULL),
	(1163,107,NULL,34,NULL,NULL),
	(1164,107,NULL,4,NULL,NULL),
	(1165,107,NULL,6,NULL,NULL),
	(1166,107,NULL,23,NULL,NULL),
	(1167,107,NULL,7,NULL,NULL),
	(1168,107,NULL,53,NULL,NULL),
	(1169,107,NULL,56,NULL,NULL),
	(1170,107,NULL,9,NULL,NULL),
	(1171,107,NULL,71,NULL,NULL),
	(1172,107,NULL,72,NULL,NULL),
	(1173,108,NULL,1,NULL,NULL),
	(1174,108,NULL,21,NULL,NULL),
	(1175,108,NULL,65,NULL,NULL),
	(1176,108,NULL,66,NULL,NULL),
	(1177,108,NULL,34,NULL,NULL),
	(1178,108,NULL,4,NULL,NULL),
	(1179,108,NULL,5,NULL,NULL),
	(1180,108,NULL,17,NULL,NULL),
	(1181,108,NULL,7,NULL,NULL),
	(1182,108,NULL,53,NULL,NULL),
	(1183,108,NULL,56,NULL,NULL),
	(1184,108,NULL,9,NULL,NULL),
	(1185,108,NULL,19,NULL,NULL),
	(1186,108,NULL,73,NULL,NULL),
	(1187,109,NULL,1,NULL,NULL),
	(1188,109,NULL,21,NULL,NULL),
	(1189,109,NULL,3,NULL,NULL),
	(1190,109,NULL,33,NULL,NULL),
	(1191,109,NULL,34,NULL,NULL),
	(1192,109,NULL,4,NULL,NULL),
	(1193,109,NULL,6,NULL,NULL),
	(1194,109,NULL,28,NULL,NULL),
	(1195,109,NULL,7,NULL,NULL),
	(1196,109,NULL,53,NULL,NULL),
	(1197,109,NULL,56,NULL,NULL),
	(1198,109,NULL,9,NULL,NULL),
	(1199,109,NULL,10,NULL,NULL),
	(1200,109,NULL,62,NULL,NULL),
	(1201,111,NULL,1,NULL,NULL),
	(1202,111,NULL,21,NULL,NULL),
	(1203,111,NULL,65,NULL,NULL),
	(1204,111,NULL,33,NULL,NULL),
	(1205,111,NULL,34,NULL,NULL),
	(1206,111,NULL,4,NULL,NULL),
	(1207,111,NULL,5,NULL,NULL),
	(1208,111,NULL,28,NULL,NULL),
	(1209,111,NULL,7,NULL,NULL),
	(1210,111,NULL,53,NULL,NULL),
	(1211,111,NULL,56,NULL,NULL),
	(1212,111,NULL,9,NULL,NULL),
	(1213,111,NULL,19,NULL,NULL),
	(1214,111,NULL,12,NULL,NULL),
	(1215,112,NULL,1,NULL,NULL),
	(1216,112,NULL,21,NULL,NULL),
	(1219,112,NULL,34,NULL,NULL),
	(1220,112,NULL,4,NULL,NULL),
	(1221,112,NULL,5,NULL,NULL),
	(1222,112,NULL,28,NULL,NULL),
	(1223,112,NULL,7,NULL,NULL),
	(1224,112,NULL,22,NULL,NULL),
	(1225,112,NULL,56,NULL,NULL),
	(1226,112,NULL,9,NULL,NULL),
	(1227,112,NULL,18,NULL,NULL),
	(1228,112,NULL,12,NULL,NULL),
	(1229,113,NULL,1,NULL,NULL),
	(1230,113,NULL,21,NULL,NULL),
	(1231,113,NULL,3,NULL,NULL),
	(1232,113,NULL,66,NULL,NULL),
	(1233,113,NULL,34,NULL,NULL),
	(1234,113,NULL,4,NULL,NULL),
	(1235,113,NULL,5,NULL,NULL),
	(1236,113,NULL,23,NULL,NULL),
	(1237,113,NULL,7,NULL,NULL),
	(1238,113,NULL,15,NULL,NULL),
	(1239,113,NULL,56,NULL,NULL),
	(1240,113,NULL,9,NULL,NULL),
	(1241,113,NULL,19,NULL,NULL),
	(1242,113,NULL,11,NULL,NULL),
	(1243,114,NULL,1,NULL,NULL),
	(1244,114,NULL,21,NULL,NULL),
	(1245,114,NULL,3,NULL,NULL),
	(1246,114,NULL,33,NULL,NULL),
	(1247,114,NULL,34,NULL,NULL),
	(1248,114,NULL,4,NULL,NULL),
	(1249,114,NULL,16,NULL,NULL),
	(1250,114,NULL,17,NULL,NULL),
	(1251,114,NULL,7,NULL,NULL),
	(1252,114,NULL,53,NULL,NULL),
	(1253,114,NULL,56,NULL,NULL),
	(1254,114,NULL,9,NULL,NULL),
	(1255,114,NULL,18,NULL,NULL),
	(1256,114,NULL,13,NULL,NULL),
	(1257,115,NULL,1,NULL,NULL),
	(1258,115,NULL,21,NULL,NULL),
	(1259,115,NULL,3,NULL,NULL),
	(1260,115,NULL,33,NULL,NULL),
	(1261,115,NULL,34,NULL,NULL),
	(1262,115,NULL,4,NULL,NULL),
	(1263,115,NULL,5,NULL,NULL),
	(1264,115,NULL,28,NULL,NULL),
	(1265,115,NULL,7,NULL,NULL),
	(1266,115,NULL,53,NULL,NULL),
	(1267,115,NULL,56,NULL,NULL),
	(1268,115,NULL,9,NULL,NULL),
	(1269,115,NULL,19,NULL,NULL),
	(1270,115,NULL,61,NULL,NULL),
	(1271,116,NULL,1,NULL,NULL),
	(1272,116,NULL,21,NULL,NULL),
	(1273,116,NULL,3,NULL,NULL),
	(1274,116,NULL,33,NULL,NULL),
	(1275,116,NULL,34,NULL,NULL),
	(1276,116,NULL,4,NULL,NULL),
	(1277,116,NULL,5,NULL,NULL),
	(1278,116,NULL,23,NULL,NULL),
	(1279,116,NULL,7,NULL,NULL),
	(1280,116,NULL,53,NULL,NULL),
	(1281,116,NULL,56,NULL,NULL),
	(1282,116,NULL,9,NULL,NULL),
	(1283,116,NULL,19,NULL,NULL),
	(1285,117,NULL,1,NULL,NULL),
	(1286,117,NULL,21,NULL,NULL),
	(1287,117,NULL,65,NULL,NULL),
	(1288,117,NULL,66,NULL,NULL),
	(1289,117,NULL,36,NULL,NULL),
	(1290,117,NULL,4,NULL,NULL),
	(1291,117,NULL,5,NULL,NULL),
	(1293,117,NULL,7,NULL,NULL),
	(1294,117,NULL,15,NULL,NULL),
	(1295,117,NULL,56,NULL,NULL),
	(1296,117,NULL,9,NULL,NULL),
	(1297,117,NULL,19,NULL,NULL),
	(1298,117,NULL,12,NULL,NULL),
	(1299,118,NULL,1,NULL,NULL),
	(1300,118,NULL,21,NULL,NULL),
	(1301,118,NULL,3,NULL,NULL),
	(1302,118,NULL,33,NULL,NULL),
	(1303,118,NULL,34,NULL,NULL),
	(1304,118,NULL,4,NULL,NULL),
	(1305,118,NULL,5,NULL,NULL),
	(1306,118,NULL,23,NULL,NULL),
	(1307,118,NULL,7,NULL,NULL),
	(1308,118,NULL,22,NULL,NULL),
	(1309,118,NULL,56,NULL,NULL),
	(1310,118,NULL,9,NULL,NULL),
	(1311,118,NULL,19,NULL,NULL),
	(1312,118,NULL,61,NULL,NULL),
	(1313,119,NULL,1,NULL,NULL),
	(1314,119,NULL,21,NULL,NULL),
	(1315,119,NULL,3,NULL,NULL),
	(1316,119,NULL,33,NULL,NULL),
	(1317,119,NULL,34,NULL,NULL),
	(1318,119,NULL,26,NULL,NULL),
	(1319,119,NULL,5,NULL,NULL),
	(1320,119,NULL,28,NULL,NULL),
	(1321,119,NULL,7,NULL,NULL),
	(1322,119,NULL,53,NULL,NULL),
	(1323,119,NULL,56,NULL,NULL),
	(1324,119,NULL,9,NULL,NULL),
	(1325,119,NULL,19,NULL,NULL),
	(1326,119,NULL,12,NULL,NULL),
	(1327,120,NULL,1,NULL,NULL),
	(1328,120,NULL,21,NULL,NULL),
	(1329,120,NULL,3,NULL,NULL),
	(1330,120,NULL,33,NULL,NULL),
	(1331,120,NULL,34,NULL,NULL),
	(1332,120,NULL,4,NULL,NULL),
	(1333,120,NULL,27,NULL,NULL),
	(1334,120,NULL,17,NULL,NULL),
	(1335,120,NULL,7,NULL,NULL),
	(1336,120,NULL,53,NULL,NULL),
	(1337,120,NULL,56,NULL,NULL),
	(1338,120,NULL,9,NULL,NULL),
	(1339,120,NULL,19,NULL,NULL),
	(1340,120,NULL,11,NULL,NULL),
	(1341,121,NULL,1,NULL,NULL),
	(1342,121,NULL,21,NULL,NULL),
	(1343,121,NULL,3,NULL,NULL),
	(1344,121,NULL,33,NULL,NULL),
	(1345,121,NULL,36,NULL,NULL),
	(1346,121,NULL,4,NULL,NULL),
	(1347,121,NULL,5,NULL,NULL),
	(1348,121,NULL,23,NULL,NULL),
	(1349,121,NULL,7,NULL,NULL),
	(1350,121,NULL,53,NULL,NULL),
	(1351,121,NULL,56,NULL,NULL),
	(1352,121,NULL,9,NULL,NULL),
	(1353,121,NULL,19,NULL,NULL),
	(1354,121,NULL,12,NULL,NULL),
	(1355,122,NULL,1,NULL,NULL),
	(1356,122,NULL,21,NULL,NULL),
	(1357,122,NULL,3,NULL,NULL),
	(1358,122,NULL,33,NULL,NULL),
	(1359,122,NULL,34,NULL,NULL),
	(1360,122,NULL,4,NULL,NULL),
	(1361,122,NULL,5,NULL,NULL),
	(1362,122,NULL,23,NULL,NULL),
	(1363,122,NULL,7,NULL,NULL),
	(1364,122,NULL,15,NULL,NULL),
	(1365,122,NULL,56,NULL,NULL),
	(1366,122,NULL,9,NULL,NULL),
	(1367,122,NULL,19,NULL,NULL),
	(1368,122,NULL,11,NULL,NULL),
	(1369,123,NULL,1,NULL,NULL),
	(1370,123,NULL,21,NULL,NULL),
	(1371,123,NULL,3,NULL,NULL),
	(1372,123,NULL,33,NULL,NULL),
	(1373,123,NULL,34,NULL,NULL),
	(1374,123,NULL,4,NULL,NULL),
	(1375,123,NULL,5,NULL,NULL),
	(1376,123,NULL,17,NULL,NULL),
	(1377,123,NULL,7,NULL,NULL),
	(1378,123,NULL,53,NULL,NULL),
	(1379,123,NULL,56,NULL,NULL),
	(1380,123,NULL,9,NULL,NULL),
	(1381,123,NULL,19,NULL,NULL),
	(1382,123,NULL,12,NULL,NULL),
	(1383,124,NULL,1,NULL,NULL),
	(1384,124,NULL,21,NULL,NULL),
	(1385,124,NULL,3,NULL,NULL),
	(1386,124,NULL,33,NULL,NULL),
	(1387,124,NULL,34,NULL,NULL),
	(1388,124,NULL,4,NULL,NULL),
	(1389,124,NULL,6,NULL,NULL),
	(1390,124,NULL,23,NULL,NULL),
	(1391,124,NULL,7,NULL,NULL),
	(1392,124,NULL,53,NULL,NULL),
	(1393,124,NULL,56,NULL,NULL),
	(1394,124,NULL,9,NULL,NULL),
	(1395,124,NULL,18,NULL,NULL),
	(1396,124,NULL,13,NULL,NULL),
	(1397,125,NULL,1,NULL,NULL),
	(1398,125,NULL,21,NULL,NULL),
	(1399,125,NULL,3,NULL,NULL),
	(1400,125,NULL,33,NULL,NULL),
	(1401,125,NULL,34,NULL,NULL),
	(1402,125,NULL,4,NULL,NULL),
	(1403,125,NULL,5,NULL,NULL),
	(1404,125,NULL,23,NULL,NULL),
	(1405,125,NULL,50,NULL,NULL),
	(1406,125,NULL,53,NULL,NULL),
	(1407,125,NULL,56,NULL,NULL),
	(1408,125,NULL,9,NULL,NULL),
	(1409,125,NULL,19,NULL,NULL),
	(1410,125,NULL,13,NULL,NULL),
	(1412,2,NULL,24,NULL,NULL),
	(1413,2,NULL,10,NULL,NULL),
	(1414,42,NULL,18,NULL,NULL),
	(1415,3,NULL,3,NULL,NULL),
	(1416,3,NULL,33,NULL,NULL),
	(1417,3,NULL,34,NULL,NULL),
	(1418,30,NULL,33,NULL,NULL),
	(1419,30,NULL,34,NULL,NULL),
	(1420,5,NULL,34,NULL,NULL),
	(1421,6,NULL,34,NULL,NULL),
	(1422,34,NULL,12,NULL,NULL),
	(1423,116,NULL,12,NULL,NULL),
	(1424,35,NULL,6,NULL,NULL),
	(1425,117,NULL,28,NULL,NULL),
	(1426,103,NULL,1,NULL,NULL),
	(1427,103,NULL,20,NULL,NULL),
	(1428,103,NULL,65,NULL,NULL),
	(1429,103,NULL,66,NULL,NULL),
	(1430,103,NULL,34,NULL,NULL),
	(1431,103,NULL,4,NULL,NULL),
	(1432,103,NULL,6,NULL,NULL),
	(1433,103,NULL,28,NULL,NULL),
	(1434,103,NULL,7,NULL,NULL),
	(1435,103,NULL,22,NULL,NULL),
	(1436,103,NULL,56,NULL,NULL),
	(1437,103,NULL,9,NULL,NULL),
	(1438,103,NULL,71,NULL,NULL),
	(1439,103,NULL,62,NULL,NULL),
	(1440,10,NULL,33,NULL,NULL),
	(1441,10,NULL,56,NULL,NULL),
	(1442,12,NULL,7,NULL,NULL),
	(1443,12,NULL,34,NULL,NULL),
	(1444,13,NULL,56,NULL,NULL),
	(1445,15,NULL,70,NULL,NULL),
	(1446,15,NULL,53,NULL,NULL),
	(1447,15,NULL,58,NULL,NULL),
	(1448,49,NULL,34,NULL,NULL),
	(1449,37,NULL,26,NULL,NULL),
	(1450,9,NULL,26,NULL,NULL),
	(1451,105,NULL,26,NULL,NULL),
	(1452,112,NULL,14,NULL,NULL),
	(1453,112,NULL,39,NULL,NULL),
	(1454,13,NULL,62,NULL,NULL),
	(1455,51,NULL,12,NULL,NULL),
	(1456,126,NULL,1,NULL,NULL),
	(1457,126,NULL,21,NULL,NULL),
	(1458,126,NULL,14,NULL,NULL),
	(1459,126,NULL,39,NULL,NULL),
	(1460,126,NULL,36,NULL,NULL),
	(1461,126,NULL,4,NULL,NULL),
	(1462,126,NULL,27,NULL,NULL),
	(1463,126,NULL,23,NULL,NULL),
	(1464,126,NULL,7,NULL,NULL),
	(1465,126,NULL,22,NULL,NULL),
	(1466,126,NULL,56,NULL,NULL),
	(1467,126,NULL,9,NULL,NULL),
	(1468,126,NULL,19,NULL,NULL),
	(1469,126,NULL,12,NULL,NULL),
	(1470,127,NULL,1,NULL,NULL),
	(1471,127,NULL,21,NULL,NULL),
	(1472,127,NULL,14,NULL,NULL),
	(1473,127,NULL,39,NULL,NULL),
	(1474,127,NULL,34,NULL,NULL),
	(1475,127,NULL,26,NULL,NULL),
	(1476,127,NULL,5,NULL,NULL),
	(1477,127,NULL,23,NULL,NULL),
	(1478,127,NULL,7,NULL,NULL),
	(1479,127,NULL,15,NULL,NULL),
	(1480,127,NULL,56,NULL,NULL),
	(1481,127,NULL,9,NULL,NULL),
	(1482,127,NULL,19,NULL,NULL),
	(1483,127,NULL,12,NULL,NULL),
	(1484,22,NULL,33,NULL,NULL),
	(1485,128,NULL,1,NULL,NULL),
	(1486,128,NULL,21,NULL,NULL),
	(1487,128,NULL,3,NULL,NULL),
	(1488,128,NULL,33,NULL,NULL),
	(1489,128,NULL,34,NULL,NULL),
	(1490,128,NULL,4,NULL,NULL),
	(1491,128,NULL,5,NULL,NULL),
	(1492,128,NULL,28,NULL,NULL),
	(1493,128,NULL,7,NULL,NULL),
	(1494,128,NULL,22,NULL,NULL),
	(1495,128,NULL,56,NULL,NULL),
	(1496,128,NULL,9,NULL,NULL),
	(1497,128,NULL,19,NULL,NULL),
	(1498,128,NULL,12,NULL,NULL),
	(1499,129,NULL,1,NULL,NULL),
	(1500,129,NULL,21,NULL,NULL),
	(1501,129,NULL,3,NULL,NULL),
	(1502,129,NULL,33,NULL,NULL),
	(1503,129,NULL,34,NULL,NULL),
	(1504,129,NULL,4,NULL,NULL),
	(1505,129,NULL,6,NULL,NULL),
	(1506,129,NULL,23,NULL,NULL),
	(1507,129,NULL,7,NULL,NULL),
	(1508,129,NULL,53,NULL,NULL),
	(1509,129,NULL,56,NULL,NULL),
	(1510,129,NULL,9,NULL,NULL),
	(1511,129,NULL,19,NULL,NULL),
	(1512,129,NULL,12,NULL,NULL),
	(1513,130,NULL,1,NULL,NULL),
	(1514,130,NULL,21,NULL,NULL),
	(1515,130,NULL,3,NULL,NULL),
	(1516,130,NULL,33,NULL,NULL),
	(1517,130,NULL,34,NULL,NULL),
	(1518,130,NULL,4,NULL,NULL),
	(1519,130,NULL,5,NULL,NULL),
	(1520,130,NULL,28,NULL,NULL),
	(1521,130,NULL,7,NULL,NULL),
	(1522,130,NULL,53,NULL,NULL),
	(1523,130,NULL,56,NULL,NULL),
	(1524,130,NULL,9,NULL,NULL),
	(1525,130,NULL,19,NULL,NULL),
	(1526,130,NULL,12,NULL,NULL),
	(1527,20,NULL,56,NULL,NULL),
	(1528,131,NULL,1,NULL,NULL),
	(1529,131,NULL,21,NULL,NULL),
	(1530,131,NULL,3,NULL,NULL),
	(1531,131,NULL,39,NULL,NULL),
	(1532,131,NULL,34,NULL,NULL),
	(1533,131,NULL,4,NULL,NULL),
	(1534,22,NULL,6,NULL,NULL),
	(1535,22,NULL,23,NULL,NULL),
	(1536,22,NULL,53,NULL,NULL),
	(1537,22,NULL,18,NULL,NULL),
	(1538,22,NULL,12,NULL,NULL),
	(1539,131,NULL,6,NULL,NULL),
	(1540,131,NULL,23,NULL,NULL),
	(1541,131,NULL,7,NULL,NULL),
	(1542,131,NULL,53,NULL,NULL),
	(1543,131,NULL,56,NULL,NULL),
	(1544,131,NULL,9,NULL,NULL),
	(1545,131,NULL,18,NULL,NULL),
	(1546,131,NULL,12,NULL,NULL),
	(1547,21,NULL,28,NULL,NULL),
	(1548,21,NULL,56,NULL,NULL),
	(1549,132,NULL,1,NULL,NULL),
	(1550,132,NULL,21,NULL,NULL),
	(1551,132,NULL,3,NULL,NULL),
	(1552,132,NULL,33,NULL,NULL),
	(1553,132,NULL,34,NULL,NULL),
	(1554,132,NULL,4,NULL,NULL),
	(1555,132,NULL,5,NULL,NULL),
	(1556,132,NULL,23,NULL,NULL),
	(1557,132,NULL,30,NULL,NULL),
	(1558,132,NULL,53,NULL,NULL),
	(1559,132,NULL,56,NULL,NULL),
	(1560,132,NULL,9,NULL,NULL),
	(1561,132,NULL,19,NULL,NULL),
	(1562,132,NULL,13,NULL,NULL),
	(1563,133,NULL,1,NULL,NULL),
	(1564,133,NULL,21,NULL,NULL),
	(1565,133,NULL,3,NULL,NULL),
	(1566,133,NULL,33,NULL,NULL),
	(1567,133,NULL,34,NULL,NULL),
	(1568,133,NULL,4,NULL,NULL),
	(1569,133,NULL,6,NULL,NULL),
	(1570,133,NULL,23,NULL,NULL),
	(1571,133,NULL,7,NULL,NULL),
	(1572,133,NULL,53,NULL,NULL),
	(1573,133,NULL,56,NULL,NULL),
	(1574,133,NULL,9,NULL,NULL),
	(1575,133,NULL,19,NULL,NULL),
	(1576,133,NULL,12,NULL,NULL),
	(1577,134,NULL,1,NULL,NULL),
	(1578,134,NULL,21,NULL,NULL),
	(1579,134,NULL,14,NULL,NULL),
	(1580,134,NULL,39,NULL,NULL),
	(1581,134,NULL,36,NULL,NULL),
	(1582,134,NULL,4,NULL,NULL),
	(1583,134,NULL,5,NULL,NULL),
	(1584,134,NULL,17,NULL,NULL),
	(1585,134,NULL,7,NULL,NULL),
	(1586,134,NULL,53,NULL,NULL),
	(1587,134,NULL,56,NULL,NULL),
	(1588,134,NULL,9,NULL,NULL),
	(1589,134,NULL,18,NULL,NULL),
	(1590,134,NULL,11,NULL,NULL),
	(1591,26,NULL,34,NULL,NULL),
	(1592,137,NULL,1,NULL,NULL),
	(1593,137,NULL,21,NULL,NULL),
	(1594,137,NULL,3,NULL,NULL),
	(1595,137,NULL,33,NULL,NULL),
	(1596,137,NULL,34,NULL,NULL),
	(1597,137,NULL,4,NULL,NULL),
	(1598,137,NULL,5,NULL,NULL),
	(1599,137,NULL,28,NULL,NULL),
	(1600,137,NULL,7,NULL,NULL),
	(1601,137,NULL,53,NULL,NULL),
	(1602,137,NULL,56,NULL,NULL),
	(1603,137,NULL,9,NULL,NULL),
	(1604,137,NULL,18,NULL,NULL),
	(1605,137,NULL,11,NULL,NULL),
	(1606,27,NULL,1,NULL,NULL),
	(1607,27,NULL,21,NULL,NULL),
	(1608,27,NULL,3,NULL,NULL),
	(1609,27,NULL,66,NULL,NULL),
	(1610,27,NULL,36,NULL,NULL),
	(1611,27,NULL,42,NULL,NULL),
	(1612,27,NULL,6,NULL,NULL),
	(1613,27,NULL,17,NULL,NULL),
	(1614,27,NULL,7,NULL,NULL),
	(1615,27,NULL,22,NULL,NULL),
	(1616,27,NULL,56,NULL,NULL),
	(1617,27,NULL,9,NULL,NULL),
	(1618,27,NULL,19,NULL,NULL),
	(1619,27,NULL,73,NULL,NULL),
	(1620,139,NULL,1,NULL,NULL),
	(1621,139,NULL,21,NULL,NULL),
	(1622,139,NULL,3,NULL,NULL),
	(1623,139,NULL,33,NULL,NULL),
	(1624,139,NULL,36,NULL,NULL),
	(1625,139,NULL,42,NULL,NULL),
	(1626,139,NULL,6,NULL,NULL),
	(1627,139,NULL,17,NULL,NULL),
	(1628,139,NULL,7,NULL,NULL),
	(1629,139,NULL,53,NULL,NULL),
	(1630,139,NULL,56,NULL,NULL),
	(1631,139,NULL,9,NULL,NULL),
	(1632,139,NULL,19,NULL,NULL),
	(1633,139,NULL,12,NULL,NULL),
	(1634,64,NULL,1,NULL,NULL),
	(1635,64,NULL,21,NULL,NULL),
	(1636,64,NULL,3,NULL,NULL),
	(1637,64,NULL,33,NULL,NULL),
	(1638,64,NULL,34,NULL,NULL),
	(1639,64,NULL,42,NULL,NULL),
	(1640,64,NULL,6,NULL,NULL),
	(1641,64,NULL,28,NULL,NULL),
	(1642,64,NULL,7,NULL,NULL),
	(1643,64,NULL,53,NULL,NULL),
	(1644,64,NULL,56,NULL,NULL),
	(1645,64,NULL,9,NULL,NULL),
	(1646,64,NULL,18,NULL,NULL),
	(1647,64,NULL,61,NULL,NULL),
	(1648,138,NULL,1,NULL,NULL),
	(1649,138,NULL,21,NULL,NULL),
	(1650,138,NULL,65,NULL,NULL),
	(1651,138,NULL,66,NULL,NULL),
	(1652,138,NULL,34,NULL,NULL),
	(1653,138,NULL,42,NULL,NULL),
	(1654,138,NULL,6,NULL,NULL),
	(1655,138,NULL,17,NULL,NULL),
	(1656,138,NULL,7,NULL,NULL),
	(1657,138,NULL,53,NULL,NULL),
	(1658,138,NULL,56,NULL,NULL),
	(1659,138,NULL,9,NULL,NULL),
	(1660,138,NULL,10,NULL,NULL),
	(1661,138,NULL,72,NULL,NULL),
	(1662,28,NULL,1,NULL,NULL),
	(1663,28,NULL,21,NULL,NULL),
	(1666,28,NULL,34,NULL,NULL),
	(1667,28,NULL,26,NULL,NULL),
	(1668,28,NULL,6,NULL,NULL),
	(1669,28,NULL,28,NULL,NULL),
	(1670,28,NULL,7,NULL,NULL),
	(1672,28,NULL,56,NULL,NULL),
	(1673,28,NULL,9,NULL,NULL),
	(1674,28,NULL,18,NULL,NULL),
	(1675,28,NULL,12,NULL,NULL),
	(1676,141,NULL,1,NULL,NULL),
	(1677,141,NULL,21,NULL,NULL),
	(1680,141,NULL,34,NULL,NULL),
	(1681,141,NULL,26,NULL,NULL),
	(1682,141,NULL,6,NULL,NULL),
	(1683,141,NULL,28,NULL,NULL),
	(1684,141,NULL,7,NULL,NULL),
	(1685,141,NULL,15,NULL,NULL),
	(1686,141,NULL,56,NULL,NULL),
	(1687,141,NULL,9,NULL,NULL),
	(1688,141,NULL,18,NULL,NULL),
	(1689,141,NULL,12,NULL,NULL),
	(1690,65,NULL,1,NULL,NULL),
	(1691,65,NULL,21,NULL,NULL),
	(1692,65,NULL,3,NULL,NULL),
	(1693,65,NULL,33,NULL,NULL),
	(1694,65,NULL,34,NULL,NULL),
	(1695,65,NULL,26,NULL,NULL),
	(1696,65,NULL,6,NULL,NULL),
	(1697,65,NULL,28,NULL,NULL),
	(1698,65,NULL,7,NULL,NULL),
	(1699,65,NULL,15,NULL,NULL),
	(1700,65,NULL,56,NULL,NULL),
	(1701,65,NULL,9,NULL,NULL),
	(1702,65,NULL,18,NULL,NULL),
	(1703,65,NULL,12,NULL,NULL),
	(1704,28,NULL,15,NULL,NULL),
	(1705,140,NULL,1,NULL,NULL),
	(1706,140,NULL,21,NULL,NULL),
	(1707,140,NULL,65,NULL,NULL),
	(1708,140,NULL,66,NULL,NULL),
	(1709,140,NULL,32,NULL,NULL),
	(1710,140,NULL,26,NULL,NULL),
	(1711,140,NULL,6,NULL,NULL),
	(1712,140,NULL,28,NULL,NULL),
	(1713,140,NULL,30,NULL,NULL),
	(1714,140,NULL,15,NULL,NULL),
	(1715,140,NULL,56,NULL,NULL),
	(1716,140,NULL,9,NULL,NULL),
	(1717,140,NULL,71,NULL,NULL),
	(1718,140,NULL,73,NULL,NULL),
	(1719,28,NULL,14,NULL,NULL),
	(1720,28,NULL,39,NULL,NULL),
	(1721,141,NULL,14,NULL,NULL),
	(1722,141,NULL,39,NULL,NULL),
	(1723,25,NULL,1,NULL,NULL),
	(1724,25,NULL,21,NULL,NULL),
	(1725,25,NULL,3,NULL,NULL),
	(1726,25,NULL,33,NULL,NULL),
	(1727,25,NULL,34,NULL,NULL),
	(1728,25,NULL,4,NULL,NULL),
	(1729,25,NULL,6,NULL,NULL),
	(1730,25,NULL,28,NULL,NULL),
	(1731,25,NULL,7,NULL,NULL),
	(1733,25,NULL,56,NULL,NULL),
	(1734,25,NULL,9,NULL,NULL),
	(1735,25,NULL,10,NULL,NULL),
	(1736,25,NULL,12,NULL,NULL),
	(1737,61,NULL,1,NULL,NULL),
	(1738,61,NULL,21,NULL,NULL),
	(1739,61,NULL,3,NULL,NULL),
	(1740,61,NULL,33,NULL,NULL),
	(1741,61,NULL,34,NULL,NULL),
	(1742,61,NULL,4,NULL,NULL),
	(1743,61,NULL,6,NULL,NULL),
	(1744,61,NULL,28,NULL,NULL),
	(1745,61,NULL,7,NULL,NULL),
	(1746,61,NULL,15,NULL,NULL),
	(1747,61,NULL,56,NULL,NULL),
	(1748,61,NULL,9,NULL,NULL),
	(1749,61,NULL,18,NULL,NULL),
	(1750,61,NULL,12,NULL,NULL),
	(1751,136,NULL,1,NULL,NULL),
	(1752,136,NULL,21,NULL,NULL),
	(1753,136,NULL,3,NULL,NULL),
	(1754,136,NULL,33,NULL,NULL),
	(1755,136,NULL,34,NULL,NULL),
	(1756,136,NULL,4,NULL,NULL),
	(1757,136,NULL,6,NULL,NULL),
	(1758,136,NULL,28,NULL,NULL),
	(1759,136,NULL,7,NULL,NULL),
	(1761,136,NULL,56,NULL,NULL),
	(1762,136,NULL,15,NULL,NULL),
	(1763,136,NULL,9,NULL,NULL),
	(1764,136,NULL,71,NULL,NULL),
	(1765,136,NULL,24,NULL,NULL),
	(1766,135,NULL,1,NULL,NULL),
	(1767,135,NULL,21,NULL,NULL),
	(1768,135,NULL,3,NULL,NULL),
	(1769,135,NULL,33,NULL,NULL),
	(1770,135,NULL,34,NULL,NULL),
	(1771,135,NULL,4,NULL,NULL),
	(1772,135,NULL,6,NULL,NULL),
	(1773,135,NULL,28,NULL,NULL),
	(1774,135,NULL,7,NULL,NULL),
	(1775,135,NULL,53,NULL,NULL),
	(1776,135,NULL,56,NULL,NULL),
	(1777,135,NULL,9,NULL,NULL),
	(1778,135,NULL,19,NULL,NULL),
	(1779,135,NULL,11,NULL,NULL),
	(1780,25,NULL,22,NULL,NULL),
	(1781,142,NULL,1,NULL,NULL),
	(1782,142,NULL,21,NULL,NULL),
	(1783,142,NULL,3,NULL,NULL),
	(1784,142,NULL,33,NULL,NULL),
	(1785,142,NULL,36,NULL,NULL),
	(1786,142,NULL,4,NULL,NULL),
	(1787,142,NULL,5,NULL,NULL),
	(1788,142,NULL,23,NULL,NULL),
	(1789,142,NULL,7,NULL,NULL),
	(1790,142,NULL,22,NULL,NULL),
	(1791,142,NULL,56,NULL,NULL),
	(1792,142,NULL,9,NULL,NULL),
	(1793,142,NULL,19,NULL,NULL),
	(1794,142,NULL,61,NULL,NULL),
	(1795,143,NULL,1,NULL,NULL),
	(1796,143,NULL,21,NULL,NULL),
	(1797,143,NULL,3,NULL,NULL),
	(1798,143,NULL,33,NULL,NULL),
	(1799,143,NULL,34,NULL,NULL),
	(1800,143,NULL,4,NULL,NULL),
	(1801,143,NULL,5,NULL,NULL),
	(1802,143,NULL,23,NULL,NULL),
	(1803,143,NULL,7,NULL,NULL),
	(1804,143,NULL,22,NULL,NULL),
	(1805,143,NULL,56,NULL,NULL),
	(1806,143,NULL,9,NULL,NULL),
	(1807,143,NULL,19,NULL,NULL),
	(1808,143,NULL,12,NULL,NULL),
	(1809,144,NULL,1,NULL,NULL),
	(1810,144,NULL,21,NULL,NULL),
	(1811,144,NULL,3,NULL,NULL),
	(1812,144,NULL,33,NULL,NULL),
	(1813,144,NULL,34,NULL,NULL),
	(1814,144,NULL,4,NULL,NULL),
	(1815,144,NULL,6,NULL,NULL),
	(1816,144,NULL,23,NULL,NULL),
	(1817,144,NULL,7,NULL,NULL),
	(1818,144,NULL,22,NULL,NULL),
	(1819,144,NULL,56,NULL,NULL),
	(1820,144,NULL,9,NULL,NULL),
	(1821,144,NULL,19,NULL,NULL),
	(1822,144,NULL,12,NULL,NULL),
	(1823,145,NULL,1,NULL,NULL),
	(1824,145,NULL,21,NULL,NULL),
	(1825,145,NULL,3,NULL,NULL),
	(1826,145,NULL,33,NULL,NULL),
	(1827,145,NULL,34,NULL,NULL),
	(1828,145,NULL,4,NULL,NULL),
	(1829,145,NULL,5,NULL,NULL),
	(1830,145,NULL,23,NULL,NULL),
	(1831,145,NULL,7,NULL,NULL),
	(1832,145,NULL,22,NULL,NULL),
	(1833,145,NULL,56,NULL,NULL),
	(1834,145,NULL,9,NULL,NULL),
	(1835,145,NULL,19,NULL,NULL),
	(1836,145,NULL,61,NULL,NULL),
	(1837,146,NULL,1,NULL,NULL),
	(1838,146,NULL,21,NULL,NULL),
	(1839,146,NULL,65,NULL,NULL),
	(1840,146,NULL,66,NULL,NULL),
	(1841,146,NULL,34,NULL,NULL),
	(1842,146,NULL,4,NULL,NULL),
	(1843,146,NULL,5,NULL,NULL),
	(1844,146,NULL,23,NULL,NULL),
	(1845,146,NULL,7,NULL,NULL),
	(1846,146,NULL,53,NULL,NULL),
	(1847,146,NULL,56,NULL,NULL),
	(1848,146,NULL,9,NULL,NULL),
	(1849,146,NULL,18,NULL,NULL),
	(1850,146,NULL,13,NULL,NULL),
	(1851,149,NULL,1,NULL,NULL),
	(1852,149,NULL,21,NULL,NULL),
	(1853,149,NULL,3,NULL,NULL),
	(1854,149,NULL,66,NULL,NULL),
	(1855,149,NULL,34,NULL,NULL),
	(1856,149,NULL,4,NULL,NULL),
	(1857,149,NULL,5,NULL,NULL),
	(1858,149,NULL,23,NULL,NULL),
	(1859,149,NULL,7,NULL,NULL),
	(1860,149,NULL,53,NULL,NULL),
	(1861,149,NULL,56,NULL,NULL),
	(1862,149,NULL,9,NULL,NULL),
	(1863,149,NULL,19,NULL,NULL),
	(1864,149,NULL,12,NULL,NULL),
	(1865,147,NULL,1,NULL,NULL),
	(1866,147,NULL,21,NULL,NULL),
	(1867,147,NULL,65,NULL,NULL),
	(1868,147,NULL,66,NULL,NULL),
	(1869,147,NULL,34,NULL,NULL),
	(1870,147,NULL,4,NULL,NULL),
	(1871,147,NULL,5,NULL,NULL),
	(1872,147,NULL,23,NULL,NULL),
	(1873,147,NULL,7,NULL,NULL),
	(1874,147,NULL,53,NULL,NULL),
	(1875,147,NULL,56,NULL,NULL),
	(1876,147,NULL,9,NULL,NULL),
	(1877,147,NULL,60,NULL,NULL),
	(1878,147,NULL,12,NULL,NULL),
	(1879,150,NULL,1,NULL,NULL),
	(1880,150,NULL,21,NULL,NULL),
	(1881,150,NULL,3,NULL,NULL),
	(1882,150,NULL,33,NULL,NULL),
	(1883,150,NULL,34,NULL,NULL),
	(1884,150,NULL,4,NULL,NULL),
	(1885,150,NULL,5,NULL,NULL),
	(1886,150,NULL,23,NULL,NULL),
	(1887,150,NULL,7,NULL,NULL),
	(1888,150,NULL,53,NULL,NULL),
	(1889,150,NULL,56,NULL,NULL),
	(1890,150,NULL,9,NULL,NULL),
	(1891,150,NULL,19,NULL,NULL),
	(1892,150,NULL,12,NULL,NULL),
	(1893,98,NULL,53,NULL,NULL),
	(1894,98,NULL,56,NULL,NULL),
	(1895,98,NULL,9,NULL,NULL),
	(1896,98,NULL,71,NULL,NULL),
	(1897,98,NULL,24,NULL,NULL),
	(1898,100,NULL,3,NULL,NULL),
	(1899,100,NULL,33,NULL,NULL),
	(1900,100,NULL,18,NULL,NULL),
	(1901,36,NULL,7,NULL,NULL),
	(1902,36,NULL,33,NULL,NULL),
	(1903,104,NULL,53,NULL,NULL),
	(1904,104,NULL,56,NULL,NULL),
	(1905,104,NULL,9,NULL,NULL),
	(1906,104,NULL,18,NULL,NULL),
	(1907,104,NULL,12,NULL,NULL),
	(1908,9,NULL,7,NULL,NULL),
	(1909,9,NULL,19,NULL,NULL),
	(1910,9,NULL,33,NULL,NULL),
	(1911,151,NULL,1,NULL,NULL),
	(1912,151,NULL,21,NULL,NULL),
	(1913,151,NULL,3,NULL,NULL),
	(1914,151,NULL,33,NULL,NULL),
	(1915,151,NULL,34,NULL,NULL),
	(1916,151,NULL,4,NULL,NULL),
	(1917,151,NULL,6,NULL,NULL),
	(1918,151,NULL,23,NULL,NULL),
	(1919,151,NULL,30,NULL,NULL),
	(1920,151,NULL,53,NULL,NULL),
	(1921,151,NULL,56,NULL,NULL),
	(1922,151,NULL,9,NULL,NULL),
	(1923,151,NULL,19,NULL,NULL),
	(1924,151,NULL,11,NULL,NULL),
	(1925,152,NULL,1,NULL,NULL),
	(1926,152,NULL,21,NULL,NULL),
	(1927,152,NULL,3,NULL,NULL),
	(1928,152,NULL,33,NULL,NULL),
	(1929,152,NULL,34,NULL,NULL),
	(1930,152,NULL,4,NULL,NULL),
	(1931,152,NULL,6,NULL,NULL),
	(1932,152,NULL,23,NULL,NULL),
	(1933,152,NULL,7,NULL,NULL),
	(1934,152,NULL,53,NULL,NULL),
	(1935,152,NULL,56,NULL,NULL),
	(1936,152,NULL,9,NULL,NULL),
	(1937,152,NULL,71,NULL,NULL),
	(1938,152,NULL,73,NULL,NULL),
	(1939,153,NULL,1,NULL,NULL),
	(1940,153,NULL,21,NULL,NULL),
	(1941,153,NULL,3,NULL,NULL),
	(1942,153,NULL,33,NULL,NULL),
	(1943,153,NULL,34,NULL,NULL),
	(1944,153,NULL,4,NULL,NULL),
	(1945,153,NULL,6,NULL,NULL),
	(1946,153,NULL,23,NULL,NULL),
	(1947,153,NULL,70,NULL,NULL),
	(1948,153,NULL,53,NULL,NULL),
	(1949,153,NULL,56,NULL,NULL),
	(1950,153,NULL,9,NULL,NULL),
	(1951,153,NULL,18,NULL,NULL),
	(1952,153,NULL,12,NULL,NULL),
	(1953,154,NULL,1,NULL,NULL),
	(1954,154,NULL,21,NULL,NULL),
	(1955,154,NULL,3,NULL,NULL),
	(1956,154,NULL,33,NULL,NULL),
	(1957,154,NULL,34,NULL,NULL),
	(1958,154,NULL,4,NULL,NULL),
	(1959,154,NULL,6,NULL,NULL),
	(1960,154,NULL,23,NULL,NULL),
	(1961,154,NULL,70,NULL,NULL),
	(1962,154,NULL,53,NULL,NULL),
	(1963,154,NULL,56,NULL,NULL),
	(1964,154,NULL,9,NULL,NULL),
	(1965,154,NULL,71,NULL,NULL),
	(1966,154,NULL,73,NULL,NULL);

/*!40000 ALTER TABLE `hw_general_writing` ENABLE KEYS */;
UNLOCK TABLES;


# Дамп таблицы hw_image
# ------------------------------------------------------------

DROP TABLE IF EXISTS `hw_image`;

CREATE TABLE `hw_image` (
  `image_id` int(11) NOT NULL AUTO_INCREMENT,
  `set_id` int(11) DEFAULT NULL,
  `image_path` varchar(255) DEFAULT NULL,
  PRIMARY KEY (`image_id`),
  KEY `FK_hw_image_set_id` (`set_id`),
  CONSTRAINT `FK_hw_image_set_id` FOREIGN KEY (`set_id`) REFERENCES `hw_set` (`set_id`)
) ENGINE=InnoDB DEFAULT CHARSET=utf8;



# Дамп таблицы hw_letter
# ------------------------------------------------------------

DROP TABLE IF EXISTS `hw_letter`;

CREATE TABLE `hw_letter` (
  `letter_id` int(11) NOT NULL AUTO_INCREMENT,
  `letter` varchar(255) NOT NULL,
  `letter_number` int(11) DEFAULT NULL,
  PRIMARY KEY (`letter_id`)
) ENGINE=InnoDB DEFAULT CHARSET=utf8 AVG_ROW_LENGTH=215;

LOCK TABLES `hw_letter` WRITE;
/*!40000 ALTER TABLE `hw_letter` DISABLE KEYS */;

INSERT INTO `hw_letter` (`letter_id`, `letter`, `letter_number`)
VALUES
	(1,'А',1),
	(2,'Б',2),
	(3,'В',3),
	(4,'Г',4),
	(5,'Д',5),
	(6,'Е',6),
	(7,'Ж',7),
	(8,'З',8),
	(9,'И',9),
	(10,'К',10),
	(11,'Л',11),
	(12,'М',12),
	(13,'Н',13),
	(14,'О',14),
	(15,'П',15),
	(16,'Р',16),
	(17,'С',17),
	(18,'Т',18),
	(19,'У',19),
	(20,'Ф',20),
	(21,'Х',21),
	(22,'Ц',22),
	(23,'Ч',23),
	(24,'Ш',24),
	(25,'Щ',25),
	(26,'Э',26),
	(27,'Ю',27),
	(28,'Я',28),
	(29,'Ё',29),
	(30,'а',30),
	(31,'б',31),
	(32,'в',32),
	(33,'г',33),
	(34,'д',34),
	(35,'е',35),
	(36,'ё',36),
	(37,'ж',37),
	(38,'з',38),
	(39,'и',39),
	(40,'й',40),
	(41,'к',41),
	(42,'л',42),
	(43,'м',43),
	(44,'н',44),
	(45,'о',45),
	(46,'п',46),
	(47,'р',47),
	(48,'с',48),
	(49,'т',49),
	(50,'у',50),
	(51,'ф',51),
	(52,'х',52),
	(53,'ц',53),
	(54,'ч',54),
	(55,'ш',55),
	(56,'щ',56),
	(57,'ъ',57),
	(58,'ь',58),
	(59,'ы',59),
	(60,'э',60),
	(61,'ю',61),
	(62,'я',62),
	(63,'петлевой элемент',63),
	(64,'росчерк',64),
	(65,'дополнительный штрих',65),
	(66,'дуговой элемент',66),
	(67,'прямолинейно-петлевой элемент',67),
	(68,'прямолинейно-дугообразный элемент',68),
	(69,'дополнительный элемент',69),
	(71,'завитковый элемент',70),
	(72,'незамкнутый овал',71),
	(73,'дугообразный элемент',72),
	(74,'подпись',73),
	(75,'линия письма',74),
	(76,'Й',75),
	(77,'точка',76);

/*!40000 ALTER TABLE `hw_letter` ENABLE KEYS */;
UNLOCK TABLES;


# Дамп таблицы hw_letter_concretization
# ------------------------------------------------------------

DROP TABLE IF EXISTS `hw_letter_concretization`;

CREATE TABLE `hw_letter_concretization` (
  `letter_concretization_id` int(11) NOT NULL AUTO_INCREMENT,
  `letter_element_id` int(11) NOT NULL,
  `concretization_id` int(11) DEFAULT NULL,
  PRIMARY KEY (`letter_concretization_id`),
  KEY `FK_hw_letter_concretization_concretization_id` (`concretization_id`),
  KEY `FK_hw_letter_concretization_letter_element_id` (`letter_element_id`),
  CONSTRAINT `FK_hw_letter_concretization_concretization_id` FOREIGN KEY (`concretization_id`) REFERENCES `hw_concretization` (`concretization_id`),
  CONSTRAINT `FK_hw_letter_concretization_letter_element_id` FOREIGN KEY (`letter_element_id`) REFERENCES `hw_letter_element` (`letter_element_id`)
) ENGINE=InnoDB DEFAULT CHARSET=utf8 AVG_ROW_LENGTH=43;

LOCK TABLES `hw_letter_concretization` WRITE;
/*!40000 ALTER TABLE `hw_letter_concretization` DISABLE KEYS */;

INSERT INTO `hw_letter_concretization` (`letter_concretization_id`, `letter_element_id`, `concretization_id`)
VALUES
	(1,156,1),
	(2,155,1),
	(3,1,9),
	(4,169,8),
	(5,5,3),
	(6,156,2),
	(7,157,1),
	(8,1,1),
	(9,117,1),
	(10,156,3),
	(11,217,1),
	(12,4,1),
	(13,9,5),
	(14,7,5),
	(15,7,8),
	(16,7,11),
	(18,7,1),
	(19,8,1),
	(20,9,1),
	(21,198,1),
	(22,218,6),
	(23,219,1),
	(24,218,8),
	(25,218,1),
	(26,99,4),
	(27,111,4),
	(28,198,4),
	(29,14,1),
	(30,15,1),
	(31,199,1),
	(32,160,1),
	(33,187,1),
	(34,117,6),
	(35,171,1),
	(36,118,5),
	(37,98,5),
	(38,160,5),
	(39,187,5),
	(40,218,17),
	(41,228,1),
	(42,6,1),
	(43,218,4),
	(44,218,5),
	(45,217,4),
	(46,6,8),
	(47,117,4),
	(49,5,10),
	(51,162,1),
	(52,24,1),
	(53,25,1),
	(54,24,6),
	(55,162,4),
	(56,218,10),
	(57,228,7),
	(58,162,9),
	(59,118,1),
	(60,32,1),
	(61,33,1),
	(62,31,6),
	(63,31,1),
	(64,32,9),
	(65,31,9),
	(67,31,5),
	(68,33,5),
	(69,31,4),
	(70,32,4),
	(71,218,9),
	(72,31,8),
	(73,232,8),
	(74,232,6),
	(75,164,5),
	(76,164,5),
	(77,236,6),
	(78,236,8),
	(79,31,11),
	(80,31,11),
	(82,3,1),
	(83,1,8),
	(84,1,6),
	(85,2,1),
	(86,1,4),
	(87,2,4),
	(88,1,20),
	(89,2,20),
	(90,237,21),
	(91,1,21),
	(92,2,21),
	(93,8,9),
	(94,165,6),
	(95,34,1),
	(96,35,1),
	(97,217,20),
	(98,164,1),
	(99,165,1),
	(100,193,1),
	(101,220,1),
	(102,218,7),
	(103,237,1),
	(104,34,9),
	(105,218,26),
	(106,5,1),
	(107,236,1),
	(108,6,6),
	(109,217,8),
	(110,4,21),
	(111,5,21),
	(112,4,20),
	(113,156,20),
	(114,201,20),
	(115,218,20),
	(116,201,21),
	(117,218,21),
	(118,124,1),
	(119,123,20),
	(120,124,20),
	(121,172,1),
	(122,50,1),
	(123,239,1),
	(124,221,9),
	(125,49,1),
	(126,37,5),
	(127,36,1),
	(128,37,1),
	(129,86,1),
	(130,36,20),
	(131,38,20),
	(132,87,6),
	(133,87,21),
	(134,36,5),
	(135,37,21),
	(136,38,1),
	(138,36,21),
	(140,39,5),
	(141,39,6),
	(142,39,7),
	(143,39,8),
	(144,41,6),
	(145,40,1),
	(146,123,6),
	(147,123,1),
	(148,124,8),
	(149,41,5),
	(150,39,1),
	(151,41,21),
	(152,39,21),
	(153,39,20),
	(154,41,20),
	(155,123,4),
	(156,159,1),
	(157,204,1),
	(158,44,8),
	(159,43,8),
	(160,43,1),
	(161,43,6),
	(162,43,21),
	(163,44,21),
	(164,79,9),
	(165,79,1),
	(166,79,20),
	(167,80,20),
	(168,45,1),
	(169,184,1),
	(170,169,1),
	(171,44,1),
	(172,112,1),
	(173,113,1),
	(174,232,1),
	(175,189,9),
	(176,44,5),
	(177,111,20),
	(178,113,20),
	(179,117,20),
	(180,156,18),
	(181,217,2),
	(182,9,21),
	(183,7,21),
	(184,162,20),
	(185,45,6),
	(186,45,8),
	(187,9,8),
	(188,45,20),
	(189,43,20),
	(190,221,1),
	(191,221,21),
	(192,123,3),
	(193,44,10),
	(194,123,7),
	(195,99,20),
	(196,98,20),
	(197,7,20),
	(198,193,21),
	(199,198,21),
	(200,232,22),
	(201,201,1),
	(202,111,1),
	(203,14,6),
	(204,118,21),
	(205,98,21),
	(206,171,20),
	(207,24,20),
	(208,4,5),
	(209,117,5),
	(210,6,9),
	(211,4,4),
	(212,112,20),
	(213,99,21),
	(214,111,21),
	(215,25,21),
	(216,24,9),
	(217,217,21),
	(218,118,8),
	(219,31,20),
	(220,32,20),
	(221,31,21),
	(222,33,21),
	(223,232,20),
	(224,164,19),
	(225,164,7),
	(226,33,8),
	(227,232,10),
	(228,232,21),
	(229,157,19),
	(230,34,6),
	(231,34,21),
	(232,165,20),
	(233,155,20),
	(234,35,21),
	(235,98,1),
	(236,218,22),
	(237,34,22),
	(238,218,2),
	(239,35,22),
	(240,236,4),
	(241,232,3),
	(242,35,5),
	(243,34,5),
	(244,50,9),
	(245,49,5),
	(246,49,10),
	(247,49,4),
	(248,117,27),
	(249,189,20),
	(250,188,20),
	(251,166,21),
	(252,166,1),
	(253,37,20),
	(254,36,22),
	(255,38,21),
	(256,118,7),
	(257,3,21),
	(258,48,6),
	(259,221,6),
	(260,204,5),
	(261,12,6),
	(262,12,8),
	(263,13,8),
	(264,39,23),
	(265,41,1),
	(266,44,20),
	(267,189,1),
	(268,43,22),
	(269,88,6),
	(270,232,4),
	(271,79,2),
	(272,123,9),
	(273,85,6),
	(274,117,8),
	(275,118,6),
	(276,221,20),
	(277,225,21),
	(278,118,20),
	(279,117,21),
	(280,219,9),
	(281,48,1),
	(282,48,5),
	(283,171,21),
	(284,48,8),
	(285,98,6),
	(286,99,1),
	(287,87,1),
	(288,237,22),
	(289,237,2),
	(290,87,8),
	(291,48,21),
	(292,197,21),
	(293,108,6),
	(294,197,20),
	(295,193,20),
	(296,48,20),
	(297,36,6),
	(298,166,20),
	(299,175,20),
	(300,58,1),
	(301,59,1),
	(302,58,21),
	(303,59,21),
	(304,59,4),
	(305,58,20),
	(306,59,20),
	(307,175,1),
	(308,219,2),
	(309,157,21),
	(310,169,21),
	(311,16,5),
	(312,14,9),
	(313,16,1),
	(314,16,3),
	(315,25,6),
	(316,32,8),
	(317,217,5),
	(318,162,21),
	(319,7,6),
	(320,217,7),
	(321,7,9),
	(322,1,5),
	(323,220,6),
	(324,80,21),
	(325,43,5),
	(326,220,8),
	(327,239,5),
	(328,220,20),
	(329,220,21),
	(330,74,11),
	(331,74,6),
	(332,74,21),
	(333,76,21),
	(334,76,1),
	(335,74,5),
	(336,75,1),
	(337,181,1),
	(338,134,1),
	(339,134,8),
	(340,195,1),
	(341,114,9),
	(342,114,10),
	(343,221,5),
	(344,219,6),
	(345,52,1),
	(346,49,20),
	(347,52,6),
	(348,51,1),
	(349,49,21),
	(350,50,21),
	(351,50,5),
	(352,51,4),
	(353,50,20),
	(354,51,20),
	(355,206,1),
	(356,52,20),
	(357,236,20),
	(358,164,11),
	(359,171,3),
	(360,32,10),
	(361,160,20),
	(362,205,20),
	(363,125,4),
	(364,205,1),
	(365,125,5),
	(366,188,1),
	(367,188,10),
	(368,194,1),
	(369,101,1),
	(370,102,1),
	(371,168,9),
	(372,168,10),
	(373,168,21),
	(374,240,21),
	(375,2,8),
	(376,3,6),
	(377,3,8),
	(378,103,6),
	(379,103,1),
	(380,104,8),
	(381,105,6),
	(382,103,21),
	(383,105,21),
	(384,168,20),
	(385,155,21),
	(386,195,20),
	(387,229,1),
	(388,228,18);

/*!40000 ALTER TABLE `hw_letter_concretization` ENABLE KEYS */;
UNLOCK TABLES;


# Дамп таблицы hw_letter_element
# ------------------------------------------------------------

DROP TABLE IF EXISTS `hw_letter_element`;

CREATE TABLE `hw_letter_element` (
  `letter_element_id` int(11) NOT NULL AUTO_INCREMENT,
  `letter_id` int(11) NOT NULL,
  `element_id` int(11) DEFAULT NULL,
  PRIMARY KEY (`letter_element_id`),
  KEY `FK_hw_letter_element_element_id` (`element_id`),
  KEY `FK_hw_letter_element_letter_id` (`letter_id`),
  CONSTRAINT `FK_hw_letter_element_element_id` FOREIGN KEY (`element_id`) REFERENCES `hw_element` (`element_id`),
  CONSTRAINT `FK_hw_letter_element_letter_id` FOREIGN KEY (`letter_id`) REFERENCES `hw_letter` (`letter_id`)
) ENGINE=InnoDB DEFAULT CHARSET=utf8 AVG_ROW_LENGTH=69;

LOCK TABLES `hw_letter_element` WRITE;
/*!40000 ALTER TABLE `hw_letter_element` DISABLE KEYS */;

INSERT INTO `hw_letter_element` (`letter_element_id`, `letter_id`, `element_id`)
VALUES
	(1,1,1),
	(2,1,2),
	(3,1,3),
	(4,2,1),
	(5,2,2),
	(6,2,3),
	(7,3,1),
	(8,3,2),
	(9,3,3),
	(10,4,1),
	(11,4,2),
	(12,5,1),
	(13,5,2),
	(14,6,1),
	(15,6,2),
	(16,29,1),
	(17,29,2),
	(18,29,3),
	(19,7,1),
	(20,7,2),
	(21,7,3),
	(22,7,4),
	(23,7,5),
	(24,8,1),
	(25,8,2),
	(26,9,1),
	(27,9,2),
	(28,76,1),
	(29,76,2),
	(30,76,3),
	(31,10,1),
	(32,10,2),
	(33,10,3),
	(34,11,1),
	(35,11,2),
	(36,12,1),
	(37,12,2),
	(38,12,3),
	(39,13,1),
	(40,13,2),
	(41,13,3),
	(42,14,1),
	(43,15,1),
	(44,15,2),
	(45,15,3),
	(46,16,1),
	(47,16,2),
	(48,17,1),
	(49,18,1),
	(50,18,2),
	(51,18,3),
	(52,18,4),
	(53,19,1),
	(54,19,2),
	(55,20,1),
	(56,20,2),
	(57,20,3),
	(58,21,1),
	(59,21,2),
	(60,22,1),
	(61,22,2),
	(62,22,3),
	(63,23,1),
	(64,23,2),
	(65,24,1),
	(66,24,2),
	(67,24,3),
	(68,25,1),
	(69,25,2),
	(70,25,3),
	(71,25,4),
	(72,26,1),
	(73,26,2),
	(74,27,1),
	(75,27,2),
	(76,27,3),
	(77,28,1),
	(78,28,2),
	(79,30,1),
	(80,30,2),
	(81,31,1),
	(82,31,2),
	(83,32,1),
	(84,32,2),
	(85,33,1),
	(86,34,1),
	(87,34,2),
	(88,35,1),
	(89,36,1),
	(90,36,2),
	(91,37,1),
	(92,37,2),
	(93,37,3),
	(94,37,4),
	(95,37,5),
	(96,38,1),
	(97,38,2),
	(98,39,1),
	(99,39,2),
	(100,40,1),
	(101,40,2),
	(102,40,3),
	(103,41,1),
	(104,41,2),
	(105,41,3),
	(106,42,1),
	(107,42,2),
	(108,43,1),
	(109,43,2),
	(110,43,3),
	(111,44,1),
	(112,44,2),
	(113,44,3),
	(114,45,1),
	(115,46,1),
	(116,46,2),
	(117,47,1),
	(118,47,2),
	(119,48,1),
	(120,49,1),
	(121,49,2),
	(122,49,3),
	(123,50,1),
	(124,50,2),
	(125,51,1),
	(126,51,2),
	(127,51,3),
	(128,52,1),
	(129,52,2),
	(130,53,1),
	(131,53,2),
	(132,53,3),
	(133,54,1),
	(134,54,2),
	(135,55,1),
	(136,55,2),
	(137,55,3),
	(138,56,1),
	(139,56,2),
	(140,56,3),
	(141,56,4),
	(142,57,1),
	(143,57,2),
	(144,58,1),
	(145,59,1),
	(146,59,2),
	(147,59,3),
	(148,60,1),
	(149,60,2),
	(150,61,1),
	(151,61,2),
	(152,61,3),
	(153,62,1),
	(154,62,2),
	(155,1,6),
	(156,2,6),
	(157,3,6),
	(158,4,6),
	(159,5,6),
	(160,6,6),
	(161,7,6),
	(162,8,6),
	(163,9,6),
	(164,10,6),
	(165,11,6),
	(166,12,6),
	(167,13,6),
	(168,14,6),
	(169,15,6),
	(170,16,6),
	(171,17,6),
	(172,18,6),
	(173,19,6),
	(174,20,6),
	(175,21,6),
	(176,22,6),
	(177,23,6),
	(178,24,6),
	(179,25,6),
	(180,26,6),
	(181,27,6),
	(182,28,6),
	(183,29,6),
	(184,30,6),
	(185,31,6),
	(186,32,6),
	(187,33,6),
	(188,34,6),
	(189,35,6),
	(190,36,6),
	(191,37,6),
	(192,38,6),
	(193,39,6),
	(194,40,6),
	(195,41,6),
	(196,42,6),
	(197,43,6),
	(198,44,6),
	(199,45,6),
	(200,46,6),
	(201,47,6),
	(202,48,6),
	(203,49,6),
	(204,50,6),
	(205,51,6),
	(206,52,6),
	(207,53,6),
	(208,54,6),
	(209,55,6),
	(210,56,6),
	(211,57,6),
	(212,58,6),
	(213,59,6),
	(214,60,6),
	(215,61,6),
	(216,62,6),
	(217,63,6),
	(218,64,6),
	(219,65,6),
	(220,66,6),
	(221,67,6),
	(222,68,6),
	(223,69,6),
	(225,71,6),
	(226,72,6),
	(227,73,6),
	(228,74,6),
	(229,75,6),
	(230,76,6),
	(232,64,7),
	(236,64,8),
	(237,64,9),
	(238,67,10),
	(239,67,11),
	(240,77,6);

/*!40000 ALTER TABLE `hw_letter_element` ENABLE KEYS */;
UNLOCK TABLES;


# Дамп таблицы hw_link_next
# ------------------------------------------------------------

DROP TABLE IF EXISTS `hw_link_next`;

CREATE TABLE `hw_link_next` (
  `link_next_id` int(11) NOT NULL AUTO_INCREMENT,
  `link_next` varchar(255) NOT NULL,
  PRIMARY KEY (`link_next_id`)
) ENGINE=InnoDB DEFAULT CHARSET=utf8 AVG_ROW_LENGTH=2730;

LOCK TABLES `hw_link_next` WRITE;
/*!40000 ALTER TABLE `hw_link_next` DISABLE KEYS */;

INSERT INTO `hw_link_next` (`link_next_id`, `link_next`)
VALUES
	(1,'+'),
	(2,'-'),
	(3,'-/+'),
	(4,'монограмма'),
	(5,'последняя буква'),
	(6,'подпись');

/*!40000 ALTER TABLE `hw_link_next` ENABLE KEYS */;
UNLOCK TABLES;


# Дамп таблицы hw_partial_sign
# ------------------------------------------------------------

DROP TABLE IF EXISTS `hw_partial_sign`;

CREATE TABLE `hw_partial_sign` (
  `partial_sign_id` int(11) NOT NULL AUTO_INCREMENT,
  `partial_sign_value_id` int(11) DEFAULT NULL,
  `partial_sign_value_concretization_id` int(11) DEFAULT NULL,
  `first_letter_concretization_id` int(11) DEFAULT NULL,
  `second_letter_concretization_id` int(11) DEFAULT NULL,
  `relation_between_concretizations` tinyint(1) DEFAULT NULL,
  PRIMARY KEY (`partial_sign_id`),
  KEY `FK_hw_partial_sign_first_letter_concretization_id` (`first_letter_concretization_id`),
  KEY `FK_hw_partial_sign_partial_sign_value_concretization_id` (`partial_sign_value_concretization_id`),
  KEY `FK_hw_partial_sign_partial_sign_value_id` (`partial_sign_value_id`),
  KEY `FK_hw_partial_sign_second_letter_concretization_id` (`second_letter_concretization_id`),
  CONSTRAINT `FK_hw_partial_sign_first_letter_concretization_id` FOREIGN KEY (`first_letter_concretization_id`) REFERENCES `hw_letter_concretization` (`letter_concretization_id`),
  CONSTRAINT `FK_hw_partial_sign_partial_sign_value_concretization_id` FOREIGN KEY (`partial_sign_value_concretization_id`) REFERENCES `hw_partial_sign_value_concretization` (`partial_sign_value_concretization_id`),
  CONSTRAINT `FK_hw_partial_sign_partial_sign_value_id` FOREIGN KEY (`partial_sign_value_id`) REFERENCES `hw_partial_sign_value` (`partial_sign_value_id`),
  CONSTRAINT `FK_hw_partial_sign_second_letter_concretization_id` FOREIGN KEY (`second_letter_concretization_id`) REFERENCES `hw_letter_concretization` (`letter_concretization_id`)
) ENGINE=InnoDB DEFAULT CHARSET=utf8 AVG_ROW_LENGTH=63;

LOCK TABLES `hw_partial_sign` WRITE;
/*!40000 ALTER TABLE `hw_partial_sign` DISABLE KEYS */;

INSERT INTO `hw_partial_sign` (`partial_sign_id`, `partial_sign_value_id`, `partial_sign_value_concretization_id`, `first_letter_concretization_id`, `second_letter_concretization_id`, `relation_between_concretizations`)
VALUES
	(2,19,NULL,10,11,1),
	(4,21,NULL,13,NULL,0),
	(6,3,NULL,15,NULL,0),
	(7,36,NULL,16,NULL,0),
	(9,60,NULL,19,20,1),
	(10,1,6,21,NULL,0),
	(11,39,7,21,NULL,0),
	(12,3,NULL,22,NULL,0),
	(13,64,NULL,23,NULL,0),
	(14,5,NULL,24,NULL,0),
	(15,6,NULL,25,NULL,0),
	(16,6,NULL,23,NULL,0),
	(17,5,NULL,23,NULL,0),
	(19,49,NULL,26,27,1),
	(20,21,NULL,26,28,1),
	(21,20,NULL,26,28,1),
	(22,60,NULL,29,30,1),
	(23,40,8,31,NULL,0),
	(24,2,6,21,NULL,0),
	(25,62,NULL,32,33,1),
	(26,3,NULL,34,NULL,0),
	(28,36,NULL,9,NULL,0),
	(29,40,9,32,NULL,0),
	(30,19,NULL,32,35,1),
	(32,20,NULL,38,39,1),
	(33,21,NULL,38,39,1),
	(34,4,NULL,40,NULL,0),
	(35,5,NULL,40,NULL,0),
	(36,40,10,41,NULL,0),
	(39,1,1,1,NULL,0),
	(40,5,NULL,42,NULL,0),
	(41,6,NULL,42,NULL,0),
	(42,3,NULL,43,NULL,0),
	(43,6,NULL,44,NULL,0),
	(44,15,NULL,23,23,1),
	(45,19,NULL,34,11,1),
	(46,20,NULL,45,43,1),
	(47,6,NULL,34,NULL,0),
	(48,64,NULL,46,NULL,0),
	(49,65,NULL,46,NULL,0),
	(50,26,NULL,47,11,1),
	(51,19,NULL,47,11,1),
	(57,62,NULL,52,53,1),
	(58,15,NULL,54,NULL,0),
	(59,21,NULL,43,55,1),
	(63,48,NULL,58,57,1),
	(64,19,NULL,58,57,1),
	(65,60,NULL,52,53,1),
	(66,3,NULL,54,NULL,0),
	(67,60,NULL,9,59,1),
	(68,5,NULL,59,NULL,0),
	(69,60,NULL,60,61,1),
	(70,5,NULL,25,NULL,0),
	(71,39,17,62,NULL,0),
	(72,18,NULL,63,60,1),
	(73,25,NULL,64,65,1),
	(75,20,NULL,67,68,1),
	(77,21,NULL,69,70,1),
	(78,20,NULL,69,70,1),
	(79,21,NULL,71,56,1),
	(80,20,NULL,71,56,1),
	(81,3,NULL,62,NULL,0),
	(82,3,NULL,72,NULL,0),
	(83,12,NULL,11,NULL,0),
	(85,27,18,62,NULL,0),
	(86,20,NULL,73,74,1),
	(87,20,NULL,75,74,1),
	(88,20,NULL,76,77,1),
	(89,21,NULL,77,78,1),
	(90,60,NULL,79,63,1),
	(91,6,NULL,24,NULL,0),
	(92,60,NULL,63,60,1),
	(93,65,NULL,23,NULL,0),
	(94,36,NULL,80,NULL,0),
	(95,36,NULL,25,41,1),
	(96,17,NULL,60,61,1),
	(99,3,NULL,82,NULL,0),
	(100,5,NULL,83,NULL,0),
	(101,36,NULL,84,NULL,0),
	(102,18,NULL,8,85,1),
	(103,21,NULL,86,87,1),
	(104,21,NULL,88,89,1),
	(105,28,NULL,90,NULL,1),
	(106,20,NULL,91,92,1),
	(107,24,NULL,93,18,1),
	(108,4,NULL,94,NULL,0),
	(109,60,NULL,95,96,1),
	(110,20,NULL,97,97,1),
	(111,39,21,98,NULL,0),
	(112,60,NULL,99,100,1),
	(113,10,NULL,101,NULL,0),
	(114,10,NULL,102,NULL,0),
	(116,24,NULL,104,101,1),
	(117,25,NULL,56,41,1),
	(119,60,NULL,12,106,1),
	(121,5,NULL,108,NULL,0),
	(122,5,NULL,46,NULL,0),
	(124,65,NULL,42,NULL,0),
	(125,65,NULL,109,NULL,0),
	(126,36,NULL,34,NULL,0),
	(127,18,NULL,9,59,1),
	(128,20,NULL,110,111,1),
	(129,28,NULL,112,42,1),
	(130,21,NULL,113,114,1),
	(131,20,NULL,114,115,1),
	(132,20,NULL,115,97,1),
	(133,20,NULL,116,117,1),
	(134,19,NULL,5,11,1),
	(135,62,NULL,95,96,1),
	(136,4,NULL,95,NULL,0),
	(137,62,NULL,85,82,1),
	(138,12,NULL,25,NULL,0),
	(139,20,NULL,95,25,1),
	(140,1,1,99,NULL,0),
	(141,71,NULL,95,NULL,0),
	(142,35,NULL,118,NULL,0),
	(143,21,NULL,119,120,1),
	(144,21,NULL,97,97,1),
	(145,1,1,121,NULL,0),
	(146,60,NULL,11,121,1),
	(147,5,NULL,122,NULL,0),
	(148,3,NULL,23,NULL,0),
	(149,10,NULL,23,NULL,0),
	(150,15,NULL,123,11,1),
	(151,19,NULL,124,23,1),
	(152,26,NULL,124,23,1),
	(153,18,NULL,125,122,1),
	(154,17,NULL,125,122,1),
	(155,4,NULL,126,NULL,0),
	(156,4,NULL,102,NULL,0),
	(157,60,NULL,127,128,1),
	(158,35,NULL,129,NULL,0),
	(159,21,NULL,130,131,1),
	(160,24,NULL,132,129,1),
	(161,20,NULL,133,44,1),
	(162,40,NULL,25,NULL,0),
	(163,10,NULL,25,NULL,0),
	(164,18,NULL,127,128,1),
	(165,20,NULL,134,135,1),
	(166,20,NULL,56,41,1),
	(167,62,NULL,128,136,1),
	(168,72,NULL,128,136,1),
	(170,60,NULL,25,25,1),
	(171,72,NULL,25,25,1),
	(172,40,10,134,NULL,0),
	(173,41,NULL,134,NULL,0),
	(174,17,NULL,25,25,1),
	(175,18,NULL,25,25,1),
	(178,2,10,140,NULL,0),
	(179,60,NULL,141,142,1),
	(180,7,NULL,141,NULL,0),
	(181,3,NULL,143,NULL,0),
	(182,3,NULL,144,NULL,0),
	(183,7,NULL,145,NULL,0),
	(184,5,NULL,146,NULL,0),
	(185,60,NULL,147,118,1),
	(186,6,NULL,148,NULL,0),
	(187,10,NULL,11,NULL,0),
	(188,65,NULL,24,NULL,0),
	(189,15,NULL,109,NULL,0),
	(190,36,NULL,149,NULL,0),
	(191,35,NULL,44,43,1),
	(192,18,NULL,150,145,1),
	(193,21,NULL,151,152,1),
	(194,20,NULL,153,154,1),
	(195,20,NULL,155,120,1),
	(196,28,NULL,156,157,1),
	(197,4,NULL,158,NULL,0),
	(198,5,NULL,159,NULL,0),
	(199,4,NULL,24,NULL,0),
	(200,36,NULL,160,NULL,0),
	(201,40,10,161,NULL,0),
	(202,20,NULL,162,163,1),
	(203,19,NULL,164,165,1),
	(204,20,NULL,166,167,1),
	(205,45,NULL,103,168,1),
	(206,36,NULL,169,NULL,0),
	(207,43,NULL,169,NULL,0),
	(208,10,NULL,22,NULL,0),
	(209,12,NULL,24,NULL,0),
	(210,2,23,170,NULL,0),
	(211,60,NULL,160,171,1),
	(212,5,NULL,168,NULL,0),
	(213,60,NULL,171,168,1),
	(214,62,NULL,21,25,1),
	(215,72,NULL,21,25,1),
	(216,60,NULL,172,173,1),
	(217,3,NULL,174,NULL,0),
	(218,10,NULL,24,NULL,0),
	(219,17,NULL,171,168,1),
	(220,19,NULL,175,176,1),
	(221,20,NULL,177,178,1),
	(222,3,NULL,12,106,1),
	(224,26,NULL,179,11,1),
	(225,19,NULL,179,11,1),
	(226,19,NULL,180,11,1),
	(227,31,NULL,180,181,1),
	(228,21,NULL,182,183,1),
	(229,21,NULL,115,184,1),
	(230,3,NULL,185,NULL,0),
	(231,5,NULL,186,NULL,0),
	(232,3,NULL,18,NULL,0),
	(233,3,NULL,161,NULL,0),
	(234,12,NULL,158,NULL,0),
	(235,15,NULL,168,NULL,0),
	(236,36,NULL,185,NULL,0),
	(237,17,NULL,160,171,1),
	(238,21,NULL,183,182,1),
	(239,12,NULL,187,NULL,0),
	(240,21,NULL,188,189,1),
	(241,4,NULL,185,NULL,0),
	(242,6,NULL,185,NULL,0),
	(243,3,NULL,186,NULL,0),
	(244,35,NULL,190,190,1),
	(245,21,NULL,162,191,1),
	(246,21,NULL,117,191,1),
	(247,7,NULL,168,NULL,0),
	(248,4,NULL,176,NULL,0),
	(249,3,NULL,147,118,1),
	(250,15,NULL,118,NULL,0),
	(251,31,NULL,148,192,1),
	(252,3,NULL,102,NULL,0),
	(253,70,NULL,193,147,1),
	(254,27,NULL,193,194,1),
	(255,25,NULL,193,194,1),
	(256,60,NULL,16,18,1),
	(257,36,NULL,18,NULL,0),
	(258,21,NULL,195,177,1),
	(259,20,NULL,182,196,1),
	(260,20,NULL,197,115,1),
	(263,60,NULL,32,33,1),
	(264,5,NULL,200,NULL,0),
	(265,60,NULL,201,100,1),
	(266,60,NULL,202,172,1),
	(267,35,NULL,33,NULL,0),
	(268,40,26,203,NULL,0),
	(269,20,NULL,204,205,1),
	(271,21,NULL,114,115,1),
	(272,21,NULL,206,115,1),
	(274,15,NULL,52,NULL,0),
	(275,15,NULL,53,NULL,0),
	(276,36,NULL,53,NULL,0),
	(279,6,NULL,108,NULL,0),
	(280,6,NULL,46,NULL,0),
	(281,21,NULL,110,111,1),
	(282,49,NULL,110,111,1),
	(283,45,NULL,112,42,1),
	(284,26,NULL,112,42,1),
	(285,24,NULL,112,42,1),
	(286,7,NULL,42,NULL,0),
	(287,19,NULL,45,43,1),
	(288,5,NULL,5,NULL,0),
	(289,6,NULL,5,NULL,0),
	(290,3,NULL,209,NULL,0),
	(291,6,NULL,209,NULL,0),
	(292,24,NULL,210,211,1),
	(293,31,NULL,23,103,1),
	(296,49,NULL,177,178,1),
	(297,21,NULL,177,178,1),
	(298,49,NULL,195,177,1),
	(299,20,NULL,195,177,1),
	(300,21,NULL,197,115,1),
	(301,21,NULL,213,214,1),
	(302,49,NULL,213,214,1),
	(303,20,NULL,213,214,1),
	(304,20,NULL,183,182,1),
	(305,49,NULL,183,182,1),
	(306,14,NULL,43,44,1),
	(307,62,NULL,201,100,1),
	(308,62,NULL,202,172,1),
	(309,24,NULL,56,102,1),
	(310,31,NULL,56,102,1),
	(311,49,NULL,206,115,1),
	(312,20,NULL,206,115,1),
	(313,21,NULL,116,117,1),
	(314,4,NULL,200,NULL,0),
	(315,72,NULL,53,107,1),
	(316,62,NULL,53,107,1),
	(318,21,NULL,56,215,1),
	(319,28,NULL,216,43,1),
	(320,27,NULL,216,43,1),
	(321,26,NULL,216,43,1),
	(322,36,NULL,54,NULL,0),
	(323,20,NULL,215,217,1),
	(324,5,NULL,218,NULL,0),
	(325,6,NULL,218,NULL,0),
	(326,20,NULL,219,220,1),
	(327,21,NULL,219,220,1),
	(328,20,NULL,221,222,1),
	(329,21,NULL,90,223,1),
	(330,20,NULL,90,223,1),
	(331,21,NULL,221,117,1),
	(332,49,NULL,221,117,1),
	(333,73,NULL,224,NULL,0),
	(334,56,NULL,224,NULL,0),
	(335,5,NULL,107,NULL,0),
	(336,4,NULL,107,NULL,0),
	(337,35,NULL,60,NULL,0),
	(338,35,NULL,61,NULL,0),
	(339,27,18,65,NULL,0),
	(340,20,NULL,217,25,1),
	(341,21,NULL,217,25,1),
	(342,20,NULL,65,225,1),
	(343,21,NULL,65,225,1),
	(344,4,NULL,226,NULL,0),
	(345,5,NULL,226,NULL,0),
	(346,7,NULL,79,NULL,0),
	(347,56,NULL,60,NULL,0),
	(348,28,NULL,227,57,1),
	(349,49,NULL,91,92,1),
	(350,27,NULL,93,18,1),
	(351,25,NULL,93,18,1),
	(352,17,NULL,20,107,1),
	(353,20,NULL,88,115,1),
	(355,31,NULL,103,229,1),
	(356,25,NULL,103,229,1),
	(357,15,NULL,7,NULL,0),
	(358,4,NULL,230,NULL,0),
	(359,60,NULL,85,82,1),
	(360,19,NULL,231,25,1),
	(361,21,NULL,232,233,1),
	(362,20,NULL,231,234,1),
	(363,21,NULL,231,234,1),
	(364,6,NULL,82,NULL,0),
	(365,54,NULL,82,NULL,0),
	(366,56,NULL,82,NULL,0),
	(368,25,NULL,227,41,1),
	(369,60,NULL,96,235,1),
	(370,24,NULL,236,237,1),
	(371,31,NULL,236,95,1),
	(372,27,NULL,236,95,1),
	(373,27,NULL,238,239,1),
	(374,19,NULL,232,101,1),
	(375,24,NULL,232,101,1),
	(376,3,NULL,240,NULL,0),
	(377,6,NULL,240,NULL,0),
	(378,15,NULL,241,101,1),
	(379,6,NULL,174,NULL,0),
	(380,49,NULL,119,120,1),
	(381,49,NULL,97,97,1),
	(382,25,NULL,174,11,1),
	(383,24,NULL,227,243,1),
	(384,31,NULL,227,157,1),
	(385,35,NULL,125,NULL,0),
	(386,20,NULL,191,217,1),
	(387,21,NULL,191,217,1),
	(388,49,NULL,191,217,1),
	(389,25,NULL,244,245,1),
	(390,29,NULL,244,246,1),
	(391,24,NULL,244,247,1),
	(392,21,NULL,244,247,1),
	(393,5,NULL,126,NULL,0),
	(394,21,NULL,133,90,1),
	(395,40,10,174,NULL,0),
	(396,39,NULL,248,NULL,0),
	(398,36,NULL,44,43,1),
	(399,20,NULL,249,250,1),
	(400,21,NULL,249,250,1),
	(401,49,NULL,249,250,1),
	(402,19,NULL,227,251,1),
	(403,3,NULL,128,136,1),
	(404,40,10,252,NULL,0),
	(405,41,NULL,252,NULL,0),
	(406,22,NULL,236,254,1),
	(407,35,NULL,128,NULL,0),
	(408,43,NULL,128,NULL,0),
	(409,64,NULL,127,NULL,0),
	(410,5,NULL,134,NULL,0),
	(411,6,NULL,134,NULL,0),
	(412,64,NULL,174,NULL,0),
	(413,20,NULL,221,117,1),
	(414,60,NULL,11,25,1),
	(415,21,NULL,219,115,1),
	(416,20,NULL,219,115,1),
	(417,25,NULL,227,242,1),
	(418,25,NULL,227,243,1),
	(419,24,NULL,236,95,1),
	(420,21,NULL,130,253,1),
	(421,20,NULL,138,255,1),
	(422,26,NULL,34,11,1),
	(423,17,NULL,9,59,1),
	(424,31,NULL,5,11,1),
	(425,31,NULL,10,11,1),
	(426,20,NULL,182,205,1),
	(427,62,NULL,29,30,1),
	(428,72,NULL,201,100,1),
	(429,31,NULL,32,35,1),
	(430,31,NULL,29,35,1),
	(431,21,NULL,204,205,1),
	(432,25,NULL,56,102,1),
	(433,26,NULL,56,71,1),
	(434,4,NULL,256,NULL,0),
	(435,5,NULL,256,NULL,0),
	(436,43,NULL,53,NULL,0),
	(437,19,NULL,216,25,1),
	(438,27,NULL,216,25,1),
	(439,24,NULL,216,25,1),
	(440,28,NULL,227,215,1),
	(441,20,NULL,227,215,1),
	(442,21,NULL,227,215,1),
	(443,29,NULL,227,215,1),
	(444,4,NULL,25,NULL,0),
	(445,21,NULL,221,222,1),
	(446,15,NULL,224,NULL,0),
	(447,49,NULL,221,222,1),
	(448,20,NULL,231,25,1),
	(449,20,NULL,232,233,1),
	(450,21,NULL,91,257,1),
	(451,15,NULL,24,41,1),
	(452,39,17,258,NULL,0),
	(453,39,17,230,NULL,0),
	(454,39,17,243,NULL,0),
	(455,20,NULL,119,120,1),
	(456,62,NULL,11,121,1),
	(457,6,NULL,122,NULL,0),
	(458,31,NULL,259,23,1),
	(459,31,NULL,156,260,1),
	(460,35,NULL,261,NULL,0),
	(461,36,NULL,262,NULL,0),
	(462,36,NULL,263,NULL,0),
	(463,25,NULL,264,265,1),
	(464,24,NULL,264,265,1),
	(465,31,NULL,264,265,1),
	(466,39,28,170,NULL,0),
	(467,20,NULL,189,266,1),
	(468,21,NULL,189,266,1),
	(469,49,NULL,189,266,1),
	(470,36,NULL,267,202,1),
	(471,35,NULL,267,202,1),
	(472,25,NULL,227,107,1),
	(473,27,NULL,227,107,1),
	(474,24,NULL,227,107,1),
	(475,6,NULL,186,NULL,0),
	(476,24,NULL,236,268,1),
	(477,40,26,161,NULL,0),
	(478,17,NULL,158,269,1),
	(479,18,NULL,158,269,1),
	(480,5,NULL,158,NULL,0),
	(481,7,NULL,270,NULL,0),
	(482,21,NULL,189,115,1),
	(483,6,NULL,270,NULL,0),
	(484,6,NULL,158,NULL,0),
	(485,27,NULL,164,271,1),
	(486,24,NULL,164,271,1),
	(487,52,NULL,270,NULL,0),
	(488,5,NULL,270,NULL,0),
	(489,27,NULL,189,115,1),
	(490,20,NULL,189,115,1),
	(491,56,NULL,159,NULL,0),
	(492,35,NULL,43,44,1),
	(493,43,NULL,43,44,1),
	(494,15,NULL,174,NULL,0),
	(495,26,29,115,NULL,0),
	(496,3,NULL,159,NULL,0),
	(497,36,NULL,190,190,1),
	(498,43,NULL,190,190,1),
	(499,20,NULL,117,191,1),
	(500,49,NULL,117,191,1),
	(501,45,NULL,193,272,1),
	(502,3,NULL,273,NULL,0),
	(503,4,NULL,273,NULL,0),
	(504,5,NULL,273,NULL,0),
	(505,5,NULL,176,NULL,0),
	(506,60,NULL,158,146,1),
	(507,72,NULL,158,146,1),
	(508,62,NULL,158,146,1),
	(509,72,NULL,176,146,0),
	(510,5,NULL,34,NULL,0),
	(511,4,NULL,34,NULL,0),
	(512,3,NULL,59,NULL,0),
	(513,3,NULL,9,59,1),
	(514,3,NULL,274,275,1),
	(515,21,NULL,276,179,1),
	(516,49,NULL,276,179,1),
	(517,20,NULL,276,179,1),
	(518,21,NULL,277,116,1),
	(519,20,NULL,278,97,1),
	(520,21,NULL,278,97,1),
	(521,49,NULL,278,97,1),
	(522,5,NULL,174,NULL,0),
	(523,20,NULL,279,228,1),
	(524,49,NULL,279,228,1),
	(525,21,NULL,279,228,1),
	(526,21,18,280,228,0),
	(527,14,NULL,281,NULL,0),
	(528,4,NULL,282,NULL,0),
	(529,5,NULL,282,NULL,0),
	(530,20,NULL,283,198,1),
	(531,49,NULL,283,198,1),
	(532,21,NULL,283,198,1),
	(533,72,NULL,284,285,1),
	(534,62,NULL,284,285,1),
	(535,14,NULL,235,NULL,0),
	(536,33,NULL,235,NULL,0),
	(537,62,NULL,235,286,1),
	(538,72,NULL,235,286,1),
	(539,40,8,129,NULL,0),
	(540,14,NULL,287,NULL,0),
	(541,15,NULL,287,NULL,0),
	(542,33,NULL,287,NULL,0),
	(543,28,NULL,133,100,1),
	(544,28,NULL,133,35,1),
	(545,24,NULL,288,35,1),
	(546,4,NULL,289,NULL,0),
	(547,20,NULL,115,206,1),
	(548,33,NULL,281,NULL,0),
	(549,15,NULL,281,NULL,0),
	(550,60,NULL,284,285,1),
	(551,41,NULL,129,NULL,0),
	(552,28,NULL,133,129,1),
	(553,5,NULL,289,NULL,0),
	(554,36,NULL,258,NULL,0),
	(555,35,NULL,258,NULL,0),
	(556,43,NULL,258,NULL,0),
	(557,60,NULL,235,286,1),
	(558,7,NULL,107,NULL,0),
	(559,6,NULL,107,NULL,0),
	(560,62,NULL,290,107,1),
	(561,72,NULL,290,107,1),
	(562,60,NULL,290,107,1),
	(563,59,NULL,290,107,1),
	(564,52,NULL,258,NULL,0),
	(565,36,NULL,281,NULL,0),
	(566,20,NULL,291,292,1),
	(567,36,NULL,293,NULL,0),
	(568,35,NULL,293,NULL,0),
	(569,43,NULL,293,NULL,0),
	(570,20,NULL,294,295,1),
	(571,21,NULL,294,295,1),
	(572,49,NULL,294,295,1),
	(573,39,30,100,NULL,0),
	(574,21,NULL,296,115,1),
	(575,20,NULL,296,115,1),
	(576,49,NULL,296,115,1),
	(577,43,NULL,281,NULL,0),
	(578,20,NULL,283,292,1),
	(579,21,NULL,283,292,1),
	(580,49,NULL,283,292,1),
	(581,43,NULL,35,NULL,0),
	(582,20,NULL,130,131,1),
	(583,49,NULL,130,131,1),
	(584,49,NULL,138,255,1),
	(585,21,NULL,138,255,1),
	(586,5,NULL,297,NULL,0),
	(587,4,NULL,297,NULL,0),
	(588,7,NULL,297,NULL,0),
	(589,6,NULL,297,NULL,0),
	(590,21,NULL,298,299,1),
	(591,20,NULL,298,299,1),
	(592,49,NULL,298,299,1),
	(593,17,NULL,300,301,1),
	(594,18,NULL,300,301,1),
	(595,60,NULL,300,301,1),
	(596,72,NULL,300,301,1),
	(597,62,NULL,300,301,1),
	(598,20,NULL,302,303,1),
	(599,21,NULL,302,303,1),
	(600,49,NULL,302,303,1),
	(601,3,NULL,304,NULL,0),
	(602,4,NULL,304,NULL,0),
	(603,20,NULL,305,306,1),
	(604,21,NULL,305,306,1),
	(605,49,NULL,305,306,1),
	(606,20,NULL,299,97,1),
	(607,21,NULL,299,97,1),
	(608,49,NULL,299,97,1),
	(609,49,NULL,97,115,1),
	(610,20,NULL,97,115,1),
	(611,21,NULL,97,115,1),
	(612,4,NULL,22,NULL,0),
	(613,28,NULL,288,252,1),
	(614,28,NULL,288,307,1),
	(615,15,NULL,127,NULL,0),
	(616,28,NULL,23,170,1),
	(617,28,NULL,308,170,1),
	(618,20,NULL,117,309,1),
	(619,21,NULL,117,309,1),
	(620,49,NULL,117,309,1),
	(621,49,NULL,117,310,1),
	(622,20,NULL,117,310,1),
	(623,21,NULL,117,310,1),
	(624,27,1,314,156,1),
	(625,21,NULL,182,198,1),
	(626,49,NULL,182,198,1),
	(627,41,NULL,41,NULL,0),
	(628,36,NULL,315,NULL,0),
	(629,43,NULL,54,NULL,0),
	(630,35,NULL,54,NULL,0),
	(631,19,NULL,216,103,1),
	(632,24,NULL,216,103,1),
	(633,27,NULL,216,103,1),
	(634,4,NULL,43,NULL,0),
	(635,5,NULL,43,NULL,0),
	(636,36,NULL,47,209,1),
	(637,35,NULL,47,209,1),
	(638,56,NULL,316,NULL,0),
	(639,73,NULL,316,NULL,0),
	(640,40,10,62,NULL,0),
	(641,41,NULL,62,NULL,0),
	(642,36,NULL,62,NULL,0),
	(643,43,NULL,62,NULL,0),
	(644,15,NULL,69,67,1),
	(645,14,NULL,69,67,1),
	(646,33,NULL,69,67,1),
	(647,36,NULL,67,NULL,0),
	(648,35,NULL,67,NULL,0),
	(649,43,NULL,67,NULL,0),
	(650,49,NULL,219,115,1),
	(651,36,NULL,82,NULL,0),
	(652,35,NULL,82,NULL,0),
	(653,43,NULL,82,NULL,0),
	(654,14,NULL,7,NULL,0),
	(655,33,NULL,7,NULL,0),
	(656,5,NULL,44,NULL,0),
	(657,27,NULL,34,317,1),
	(658,4,NULL,46,NULL,0),
	(659,20,NULL,113,114,1),
	(660,26,NULL,34,317,1),
	(661,26,NULL,34,45,1),
	(662,21,NULL,45,43,1),
	(663,20,NULL,182,198,1),
	(664,43,NULL,33,NULL,0),
	(665,21,NULL,318,44,1),
	(666,20,NULL,318,44,1),
	(667,49,NULL,318,44,1),
	(668,21,NULL,318,116,1),
	(669,20,NULL,318,116,1),
	(670,49,NULL,318,116,1),
	(671,14,NULL,54,NULL,0),
	(672,33,NULL,54,NULL,0),
	(673,15,NULL,316,NULL,0),
	(674,33,NULL,316,NULL,0),
	(675,36,NULL,316,NULL,0),
	(676,43,NULL,316,NULL,0),
	(677,36,NULL,224,NULL,0),
	(678,36,NULL,319,NULL,0),
	(679,35,NULL,319,NULL,0),
	(680,43,NULL,319,NULL,0),
	(681,3,NULL,319,NULL,0),
	(682,60,NULL,18,19,1),
	(683,62,NULL,18,19,1),
	(684,35,NULL,19,NULL,0),
	(685,36,NULL,19,NULL,0),
	(686,43,NULL,19,NULL,0),
	(687,43,NULL,20,NULL,0),
	(688,36,NULL,20,NULL,0),
	(689,35,NULL,20,NULL,0),
	(690,20,NULL,197,97,1),
	(691,21,NULL,197,97,1),
	(692,49,NULL,197,97,1),
	(693,49,NULL,197,115,1),
	(694,3,NULL,44,NULL,0),
	(695,20,NULL,183,117,1),
	(696,21,NULL,183,117,1),
	(697,49,NULL,183,117,1),
	(698,20,NULL,217,117,1),
	(699,21,NULL,217,117,1),
	(700,49,NULL,217,117,1),
	(701,36,NULL,16,24,1),
	(702,35,NULL,16,24,1),
	(704,36,NULL,11,11,1),
	(705,35,NULL,11,11,1),
	(706,43,NULL,11,11,1),
	(707,15,NULL,320,102,1),
	(708,14,NULL,320,102,1),
	(709,33,NULL,320,102,1),
	(710,20,NULL,321,227,1),
	(711,21,NULL,321,227,1),
	(712,49,NULL,321,227,1),
	(713,62,NULL,60,61,1),
	(714,72,NULL,60,61,1),
	(715,62,NULL,19,20,1),
	(716,72,NULL,19,20,1),
	(717,3,NULL,83,NULL,0),
	(718,6,NULL,83,NULL,0),
	(719,21,NULL,91,92,1),
	(721,25,NULL,103,322,1),
	(722,31,NULL,103,322,1),
	(723,65,NULL,95,NULL,0),
	(724,43,NULL,118,NULL,0),
	(725,36,NULL,118,NULL,0),
	(726,27,NULL,174,41,1),
	(727,24,NULL,174,41,1),
	(728,25,NULL,174,41,1),
	(729,24,NULL,227,41,1),
	(730,27,NULL,227,41,1),
	(731,49,NULL,232,233,1),
	(732,36,NULL,125,NULL,0),
	(733,43,NULL,125,NULL,0),
	(734,24,NULL,259,23,1),
	(735,19,NULL,259,23,1),
	(736,21,NULL,259,23,1),
	(737,19,NULL,104,101,1),
	(738,20,NULL,104,101,1),
	(739,64,NULL,323,NULL,0),
	(740,65,NULL,323,NULL,0),
	(741,15,NULL,101,41,1),
	(742,14,NULL,101,41,1),
	(745,5,NULL,185,NULL,0),
	(747,14,NULL,174,41,1),
	(748,33,NULL,174,41,1),
	(749,28,NULL,34,45,1),
	(751,43,NULL,16,NULL,0),
	(752,33,NULL,43,44,1),
	(753,15,NULL,43,44,1),
	(754,19,NULL,29,35,1),
	(755,36,NULL,43,44,1),
	(756,21,NULL,56,318,1),
	(757,20,NULL,56,318,1),
	(758,20,NULL,56,215,1),
	(759,35,NULL,62,NULL,0),
	(760,18,NULL,85,82,1),
	(761,17,NULL,85,82,1),
	(762,25,NULL,236,237,1),
	(763,27,NULL,236,237,1),
	(764,7,NULL,122,NULL,0),
	(765,21,NULL,244,246,1),
	(766,20,NULL,133,117,1),
	(767,21,NULL,133,117,1),
	(768,49,NULL,133,117,1),
	(769,36,NULL,129,NULL,0),
	(770,43,NULL,129,NULL,0),
	(771,43,NULL,44,43,1),
	(772,39,NULL,134,NULL,0),
	(773,40,NULL,134,NULL,0),
	(774,25,NULL,227,252,1),
	(775,24,NULL,227,252,1),
	(776,27,NULL,227,252,1),
	(777,28,NULL,227,252,1),
	(778,6,NULL,126,NULL,0),
	(779,27,NULL,56,41,1),
	(780,24,NULL,236,252,1),
	(781,25,NULL,236,252,1),
	(782,27,NULL,236,252,1),
	(783,26,NULL,236,252,1),
	(784,28,NULL,236,252,1),
	(785,41,NULL,21,NULL,0),
	(786,41,NULL,174,NULL,0),
	(787,74,NULL,16,18,1),
	(788,75,NULL,16,18,1),
	(789,4,NULL,174,NULL,0),
	(790,25,NULL,164,271,1),
	(791,21,NULL,88,324,1),
	(792,49,NULL,88,324,1),
	(793,45,NULL,174,168,1),
	(794,21,NULL,166,167,1),
	(795,43,NULL,262,NULL,0),
	(796,43,NULL,263,NULL,0),
	(797,35,NULL,263,NULL,0),
	(798,28,NULL,227,41,1),
	(799,39,NULL,170,NULL,0),
	(800,41,NULL,170,NULL,0),
	(801,18,NULL,171,168,1),
	(802,33,NULL,174,NULL,0),
	(803,14,NULL,174,NULL,0),
	(804,33,NULL,118,NULL,0),
	(805,25,NULL,148,192,1),
	(806,41,NULL,100,NULL,0),
	(807,36,NULL,35,NULL,0),
	(808,7,NULL,186,NULL,0),
	(809,4,NULL,325,NULL,0),
	(810,5,NULL,325,NULL,0),
	(811,3,NULL,326,319,1),
	(812,4,NULL,326,319,1),
	(813,5,NULL,326,319,1),
	(814,33,NULL,127,NULL,0),
	(815,35,NULL,123,123,1),
	(816,36,NULL,123,123,1),
	(817,43,NULL,123,123,1),
	(818,14,NULL,123,123,1),
	(819,15,NULL,123,123,1),
	(820,33,NULL,123,123,1),
	(821,3,NULL,327,NULL,0),
	(822,4,NULL,327,NULL,0),
	(823,5,NULL,327,NULL,0),
	(824,6,NULL,327,NULL,0),
	(825,20,NULL,276,115,1),
	(826,21,NULL,276,115,1),
	(827,49,NULL,276,115,1),
	(828,60,NULL,101,101,1),
	(829,62,NULL,101,101,1),
	(830,72,NULL,101,101,1),
	(831,33,NULL,25,NULL,0),
	(832,14,NULL,25,NULL,0),
	(833,15,NULL,25,NULL,0),
	(834,20,NULL,328,328,1),
	(835,21,NULL,328,328,1),
	(836,49,NULL,328,328,1),
	(837,20,NULL,329,117,1),
	(838,21,NULL,329,117,1),
	(839,49,NULL,329,117,1),
	(840,60,NULL,190,101,1),
	(841,62,NULL,190,101,1),
	(842,72,NULL,190,101,1),
	(843,35,NULL,101,101,1),
	(844,36,NULL,101,101,1),
	(845,43,NULL,101,101,1),
	(846,7,NULL,330,NULL,0),
	(847,4,NULL,331,NULL,0),
	(848,5,NULL,331,NULL,0),
	(849,20,NULL,332,333,1),
	(850,21,NULL,332,333,1),
	(851,49,NULL,332,333,1),
	(852,35,NULL,334,NULL,0),
	(853,36,NULL,334,NULL,0),
	(854,43,NULL,334,NULL,0),
	(855,15,NULL,335,NULL,0),
	(856,14,NULL,335,NULL,0),
	(857,33,NULL,335,NULL,0),
	(858,17,NULL,336,334,1),
	(859,18,NULL,336,334,1),
	(860,60,NULL,337,201,1),
	(861,62,NULL,337,201,1),
	(862,72,NULL,337,201,1),
	(863,4,NULL,209,NULL,0),
	(864,5,NULL,209,NULL,0),
	(865,5,NULL,338,NULL,0),
	(866,6,NULL,338,NULL,0),
	(867,4,NULL,339,NULL,0),
	(868,6,NULL,339,NULL,0),
	(869,5,NULL,339,NULL,0),
	(870,51,NULL,21,NULL,0),
	(871,39,21,340,NULL,0),
	(872,41,NULL,340,NULL,0),
	(873,20,NULL,341,342,1),
	(874,21,NULL,341,342,1),
	(875,49,NULL,341,342,1),
	(876,15,NULL,343,NULL,0),
	(877,14,NULL,343,NULL,0),
	(878,33,NULL,343,NULL,0),
	(879,3,NULL,343,NULL,0),
	(880,4,NULL,343,NULL,0),
	(881,5,NULL,343,NULL,0),
	(882,6,NULL,343,NULL,0),
	(883,66,NULL,344,NULL,0),
	(884,65,NULL,344,NULL,0),
	(885,64,NULL,344,NULL,0),
	(886,67,NULL,344,NULL,0),
	(887,14,NULL,345,NULL,0),
	(888,15,NULL,345,NULL,0),
	(889,33,NULL,345,NULL,0),
	(890,20,NULL,345,346,1),
	(891,21,NULL,345,346,1),
	(892,3,NULL,347,NULL,0),
	(893,4,NULL,347,NULL,0),
	(894,5,NULL,347,NULL,0),
	(895,6,NULL,347,NULL,0),
	(896,18,NULL,122,348,1),
	(897,17,NULL,122,348,1),
	(898,60,NULL,125,122,1),
	(899,62,NULL,125,122,1),
	(900,35,NULL,122,NULL,0),
	(901,36,NULL,122,NULL,0),
	(902,43,NULL,122,NULL,0),
	(903,43,NULL,348,NULL,0),
	(904,36,NULL,348,NULL,0),
	(905,35,NULL,348,NULL,0),
	(906,20,NULL,349,350,1),
	(907,21,NULL,349,350,1),
	(908,49,NULL,349,350,1),
	(909,3,NULL,351,NULL,0),
	(910,4,NULL,351,NULL,0),
	(911,5,NULL,351,NULL,0),
	(912,6,NULL,351,NULL,0),
	(913,65,NULL,345,NULL,0),
	(914,64,NULL,345,NULL,0),
	(915,3,NULL,352,NULL,0),
	(916,4,NULL,352,NULL,0),
	(917,5,NULL,352,NULL,0),
	(918,6,NULL,352,NULL,0),
	(919,60,NULL,121,100,1),
	(920,62,NULL,121,100,1),
	(921,72,NULL,121,100,1),
	(922,39,NULL,121,NULL,0),
	(923,40,NULL,121,NULL,0),
	(924,41,NULL,121,NULL,0),
	(925,21,NULL,353,354,1),
	(926,20,NULL,353,354,1),
	(927,49,NULL,353,354,1),
	(928,1,31,355,NULL,0),
	(929,51,NULL,355,NULL,0),
	(930,25,NULL,227,25,1),
	(931,24,NULL,227,25,1),
	(932,27,NULL,227,25,1),
	(933,3,NULL,289,NULL,0),
	(934,6,NULL,289,NULL,0),
	(935,20,NULL,356,357,1),
	(936,21,NULL,356,357,1),
	(937,49,NULL,356,357,1),
	(938,17,NULL,63,60,1),
	(940,62,NULL,79,63,1),
	(941,4,NULL,70,NULL,0),
	(942,3,NULL,70,NULL,0),
	(943,5,NULL,70,NULL,0),
	(944,6,NULL,70,NULL,0),
	(945,7,NULL,70,NULL,0),
	(946,14,NULL,70,NULL,0),
	(947,15,NULL,70,NULL,0),
	(948,33,NULL,70,NULL,0),
	(949,3,NULL,68,NULL,0),
	(950,4,NULL,68,NULL,0),
	(951,5,NULL,68,NULL,0),
	(952,6,NULL,68,NULL,0),
	(953,7,NULL,68,NULL,0),
	(954,57,NULL,68,NULL,0),
	(955,35,NULL,316,NULL,0),
	(956,19,NULL,79,35,1),
	(958,31,NULL,79,35,1),
	(959,31,NULL,11,359,1),
	(960,25,NULL,11,359,1),
	(961,21,NULL,220,97,1),
	(962,20,NULL,220,97,1),
	(963,49,NULL,220,97,1),
	(964,19,NULL,360,11,1),
	(965,26,NULL,360,11,1),
	(966,27,NULL,360,11,1),
	(967,24,NULL,360,11,1),
	(968,25,NULL,360,11,1),
	(969,20,NULL,222,217,1),
	(970,21,NULL,222,217,1),
	(971,49,NULL,222,217,1),
	(972,14,NULL,23,NULL,0),
	(973,15,NULL,23,NULL,0),
	(974,33,NULL,23,NULL,0),
	(975,20,NULL,283,117,1),
	(976,21,NULL,283,117,1),
	(977,49,NULL,283,117,1),
	(978,4,NULL,44,NULL,0),
	(979,3,NULL,203,NULL,0),
	(980,5,NULL,203,NULL,0),
	(981,21,NULL,312,29,1),
	(982,20,NULL,312,29,1),
	(983,19,NULL,312,29,1),
	(984,49,NULL,312,29,1),
	(985,21,NULL,361,362,1),
	(986,20,NULL,361,362,1),
	(987,49,NULL,361,362,1),
	(988,14,NULL,29,NULL,0),
	(989,33,NULL,29,NULL,0),
	(990,15,NULL,29,NULL,0),
	(991,3,NULL,363,NULL,0),
	(992,5,NULL,363,NULL,0),
	(993,6,NULL,363,NULL,0),
	(994,39,21,364,NULL,0),
	(995,41,NULL,364,NULL,0),
	(996,35,NULL,363,NULL,0),
	(997,36,NULL,363,NULL,0),
	(998,43,NULL,363,NULL,0),
	(999,35,NULL,365,NULL,0),
	(1000,36,NULL,365,NULL,0),
	(1001,43,NULL,365,NULL,0),
	(1002,49,NULL,166,167,1),
	(1003,39,NULL,366,NULL,0),
	(1004,41,NULL,366,NULL,0),
	(1005,26,NULL,367,169,1),
	(1006,26,NULL,367,366,1),
	(1007,60,NULL,267,368,1),
	(1008,62,NULL,267,368,1),
	(1009,72,NULL,267,368,1),
	(1010,17,NULL,369,370,1),
	(1011,18,NULL,369,370,1),
	(1012,65,NULL,370,NULL,0),
	(1013,64,NULL,370,NULL,0),
	(1014,21,NULL,361,276,1),
	(1015,20,NULL,361,276,1),
	(1016,49,NULL,361,276,1),
	(1017,14,NULL,370,NULL,0),
	(1018,15,NULL,370,NULL,0),
	(1019,33,NULL,370,NULL,0),
	(1020,24,NULL,193,147,1),
	(1021,25,NULL,193,147,1),
	(1022,27,NULL,193,147,1),
	(1023,28,29,115,NULL,0),
	(1024,21,29,223,NULL,0),
	(1025,20,29,223,NULL,0),
	(1026,21,NULL,371,372,1),
	(1027,20,NULL,371,372,1),
	(1028,49,NULL,371,372,1),
	(1029,21,NULL,373,374,1),
	(1030,20,NULL,373,374,1),
	(1031,49,NULL,373,374,1),
	(1032,5,NULL,8,NULL,0),
	(1033,6,NULL,8,NULL,0),
	(1034,7,NULL,8,NULL,0),
	(1035,72,NULL,375,376,1),
	(1036,62,NULL,375,376,1),
	(1037,60,NULL,375,376,1),
	(1038,62,NULL,377,378,1),
	(1039,60,NULL,377,378,1),
	(1040,72,NULL,377,378,1),
	(1041,36,NULL,379,NULL,0),
	(1042,35,NULL,379,NULL,0),
	(1043,43,NULL,379,NULL,0),
	(1044,1,6,340,NULL,0),
	(1045,2,NULL,340,NULL,0),
	(1046,51,NULL,340,NULL,0),
	(1047,60,NULL,380,381,1),
	(1048,62,NULL,380,381,1),
	(1049,20,NULL,382,383,1),
	(1050,21,NULL,382,383,1),
	(1051,49,NULL,382,383,1),
	(1052,21,NULL,115,233,1),
	(1053,20,NULL,115,233,1),
	(1054,49,NULL,115,233,1),
	(1055,49,NULL,115,384,1),
	(1056,20,NULL,115,384,1),
	(1057,21,NULL,115,384,1),
	(1058,65,NULL,174,NULL,0),
	(1059,20,NULL,117,385,1),
	(1060,21,NULL,117,385,1),
	(1061,49,NULL,117,385,1),
	(1062,20,NULL,233,386,1),
	(1063,21,NULL,233,386,1),
	(1064,49,NULL,233,386,1),
	(1065,15,NULL,340,NULL,0),
	(1066,14,NULL,340,NULL,0),
	(1067,33,NULL,340,NULL,0),
	(1068,21,NULL,373,385,1),
	(1069,20,NULL,373,385,1),
	(1070,49,NULL,373,385,1),
	(1071,25,NULL,371,372,1),
	(1072,24,NULL,371,372,1),
	(1073,29,NULL,371,372,1),
	(1074,58,NULL,375,376,1),
	(1075,7,NULL,174,NULL,0),
	(1076,17,NULL,8,85,1),
	(1077,21,NULL,227,387,1),
	(1078,20,NULL,227,387,1),
	(1079,27,NULL,227,387,1),
	(1080,21,NULL,227,388,1),
	(1081,20,NULL,227,388,1),
	(1082,27,NULL,227,388,1);

/*!40000 ALTER TABLE `hw_partial_sign` ENABLE KEYS */;
UNLOCK TABLES;


# Дамп таблицы hw_partial_sign_type
# ------------------------------------------------------------

DROP TABLE IF EXISTS `hw_partial_sign_type`;

CREATE TABLE `hw_partial_sign_type` (
  `partial_sign_type_id` int(11) NOT NULL AUTO_INCREMENT,
  `partial_sign_type` varchar(255) NOT NULL,
  `partial_sign_type_number` int(11) DEFAULT NULL,
  PRIMARY KEY (`partial_sign_type_id`)
) ENGINE=InnoDB DEFAULT CHARSET=utf8 AVG_ROW_LENGTH=1489;

LOCK TABLES `hw_partial_sign_type` WRITE;
/*!40000 ALTER TABLE `hw_partial_sign_type` DISABLE KEYS */;

INSERT INTO `hw_partial_sign_type` (`partial_sign_type_id`, `partial_sign_type`, `partial_sign_type_number`)
VALUES
	(1,'Сложность движений при выполнении буквы целиком',1),
	(2,'Форма движений при выполнении элементов',2),
	(3,'Направление движений при выполнении',3),
	(4,'Протяженность движений по горизонтали при выполнении',4),
	(5,'Протяженность движений по вертикали при выполнении',5),
	(6,'Количество движений при выполнении',6),
	(7,'Вид соединения движений при выполнении',7),
	(8,'Последовательность движений при выполнении',8),
	(9,'Относительное размещение движений при выполнении',9),
	(10,'Форма движений при выполнении соединения элементов',10),
	(11,'Угол между элементами',11);

/*!40000 ALTER TABLE `hw_partial_sign_type` ENABLE KEYS */;
UNLOCK TABLES;


# Дамп таблицы hw_partial_sign_value
# ------------------------------------------------------------

DROP TABLE IF EXISTS `hw_partial_sign_value`;

CREATE TABLE `hw_partial_sign_value` (
  `partial_sign_value_id` int(11) NOT NULL AUTO_INCREMENT,
  `partial_sign_type_id` int(11) DEFAULT NULL,
  `partial_sign_value` varchar(255) DEFAULT NULL,
  `partial_sign_value_number` int(11) DEFAULT NULL,
  PRIMARY KEY (`partial_sign_value_id`),
  KEY `FK_hw_partial_sign_value_partial_sign_type_id` (`partial_sign_type_id`),
  CONSTRAINT `FK_hw_partial_sign_value_partial_sign_type_id` FOREIGN KEY (`partial_sign_type_id`) REFERENCES `hw_general_sign_type` (`general_sign_type_id`)
) ENGINE=InnoDB DEFAULT CHARSET=utf8 AVG_ROW_LENGTH=277;

LOCK TABLES `hw_partial_sign_value` WRITE;
/*!40000 ALTER TABLE `hw_partial_sign_value` DISABLE KEYS */;

INSERT INTO `hw_partial_sign_value` (`partial_sign_value_id`, `partial_sign_type_id`, `partial_sign_value`, `partial_sign_value_number`)
VALUES
	(1,1,'упрощен',1),
	(2,1,'усложнен',2),
	(3,2,'петлевая',1),
	(4,2,'угловатая',2),
	(5,2,'дуговая',3),
	(6,2,'прямолинейная',4),
	(7,2,'извилистая',5),
	(10,3,'левоокружное',1),
	(12,3,'правоокружное',2),
	(14,4,'уменьшена',1),
	(15,4,'увеличена',2),
	(17,7,'слитный',1),
	(18,7,'интервальный',2),
	(19,9,'внутри',1),
	(20,9,'ниже',2),
	(21,9,'выше',3),
	(22,9,'левее',4),
	(23,9,'правее',5),
	(24,9,'слева',6),
	(25,9,'справа',7),
	(26,9,'над',8),
	(27,9,'на',9),
	(28,9,'под',10),
	(29,9,'совпадает',11),
	(31,9,'пересекает',12),
	(33,4,'приближена к нормам прописи',3),
	(35,5,'уменьшена',1),
	(36,5,'увеличена',2),
	(39,6,'уменьшено',1),
	(40,6,'увеличено',2),
	(41,6,'приближено к нормам прописи',3),
	(43,5,'приближена к нормам прописи',3),
	(45,9,'в',13),
	(48,9,'за',14),
	(49,9,'на уровне',15),
	(50,9,'перед',16),
	(51,1,'приближена к нормам прописи',3),
	(52,2,'ломаная',6),
	(54,2,'треугольная',7),
	(55,2,'завитковая',8),
	(56,2,'овальная',9),
	(57,2,'незамкнутый овал',10),
	(58,10,'прямолинейно-возвратная',1),
	(59,10,'прямолинейная',2),
	(60,10,'петлевая',3),
	(62,10,'угловатая',4),
	(63,10,'извилистая',5),
	(64,3,'сверху вниз',3),
	(65,3,'снизу вверх',4),
	(66,3,'слева направо',5),
	(67,3,'справа налево',6),
	(68,8,'по нормам прописи',1),
	(69,8,'нарушена',2),
	(70,9,'по середине',17),
	(71,3,'возвратно-прямолинейное',7),
	(72,10,'дуговая',6),
	(73,2,'округлая',11),
	(74,11,'малый',1),
	(75,11,'большой',2);

/*!40000 ALTER TABLE `hw_partial_sign_value` ENABLE KEYS */;
UNLOCK TABLES;


# Дамп таблицы hw_partial_sign_value_concretization
# ------------------------------------------------------------

DROP TABLE IF EXISTS `hw_partial_sign_value_concretization`;

CREATE TABLE `hw_partial_sign_value_concretization` (
  `partial_sign_value_concretization_id` int(11) NOT NULL AUTO_INCREMENT,
  `partial_sign_value_concretization` varchar(255) DEFAULT NULL,
  `partial_sign_value_concretization_number` int(11) DEFAULT NULL,
  PRIMARY KEY (`partial_sign_value_concretization_id`)
) ENGINE=InnoDB DEFAULT CHARSET=utf8 AVG_ROW_LENGTH=744;

LOCK TABLES `hw_partial_sign_value_concretization` WRITE;
/*!40000 ALTER TABLE `hw_partial_sign_value_concretization` DISABLE KEYS */;

INSERT INTO `hw_partial_sign_value_concretization` (`partial_sign_value_concretization_id`, `partial_sign_value_concretization`, `partial_sign_value_concretization_number`)
VALUES
	(1,'по типу печатной',1),
	(2,'по типу строчной',2),
	(3,'за счет добавления надстрочного элемента',3),
	(4,'за счет добавления подстрочного элемента',4),
	(6,'по типу строчной буквы \\\"и\\\"',5),
	(7,'за счет отсутствия 3 элемента буквы \\\"н\\\"',6),
	(8,'за счет повторения движений в овале',7),
	(9,'за счет наличия дополнительного элемента в начальной части',8),
	(10,'за счет наличия дополнительного штриха',9),
	(16,'за основной частью',10),
	(17,'за счет отсутствия дополнительного элемента',11),
	(18,'срединная линния письма',12),
	(21,'за счет выполнения 2-го и 3-го элементов одним движением',13),
	(22,'дуговая',14),
	(23,'по типу прописной буквы \\\"Н\\\"',15),
	(24,'точка соединения 1 и 2 элементов',16),
	(25,'точка соединения 1 и 2 элементов',17),
	(26,'за счет наличия дополнительного элемента',18),
	(28,'за счет отсутствия надстрочного элемента',19),
	(29,'верхняя линия строки',20),
	(30,'за счет отсутствия второго элемента',21),
	(31,'по типу строчной буквы \"п\"',22);

/*!40000 ALTER TABLE `hw_partial_sign_value_concretization` ENABLE KEYS */;
UNLOCK TABLES;


# Дамп таблицы hw_partial_writing
# ------------------------------------------------------------

DROP TABLE IF EXISTS `hw_partial_writing`;

CREATE TABLE `hw_partial_writing` (
  `partial_writing_id` int(11) NOT NULL AUTO_INCREMENT,
  `first_letter_transcription_id` int(11) DEFAULT NULL,
  `second_letter_transcription_id` int(11) DEFAULT NULL,
  `partial_sign_id` int(11) DEFAULT NULL,
  `amount_sign` int(11) DEFAULT NULL,
  `amount_all` int(11) DEFAULT NULL,
  PRIMARY KEY (`partial_writing_id`),
  KEY `FK_hw_partial_writing_first_letter_transcription_id` (`first_letter_transcription_id`),
  KEY `FK_hw_partial_writing_partial_sign_id` (`partial_sign_id`),
  KEY `FK_hw_partial_writing_second_letter_transcription_id` (`second_letter_transcription_id`),
  CONSTRAINT `FK_hw_partial_writing_first_letter_transcription_id` FOREIGN KEY (`first_letter_transcription_id`) REFERENCES `hw_transcription` (`transcription_id`),
  CONSTRAINT `FK_hw_partial_writing_partial_sign_id` FOREIGN KEY (`partial_sign_id`) REFERENCES `hw_partial_sign` (`partial_sign_id`),
  CONSTRAINT `FK_hw_partial_writing_second_letter_transcription_id` FOREIGN KEY (`second_letter_transcription_id`) REFERENCES `hw_transcription` (`transcription_id`)
) ENGINE=InnoDB DEFAULT CHARSET=utf8 AVG_ROW_LENGTH=54;

LOCK TABLES `hw_partial_writing` WRITE;
/*!40000 ALTER TABLE `hw_partial_writing` DISABLE KEYS */;

INSERT INTO `hw_partial_writing` (`partial_writing_id`, `first_letter_transcription_id`, `second_letter_transcription_id`, `partial_sign_id`, `amount_sign`, `amount_all`)
VALUES
	(4,41,NULL,6,10,10),
	(5,41,NULL,7,10,10),
	(8,41,41,9,9,10),
	(10,43,NULL,11,8,10),
	(11,44,NULL,12,10,10),
	(13,44,NULL,14,10,10),
	(14,45,NULL,16,2,10),
	(15,45,NULL,17,8,10),
	(20,47,47,22,10,10),
	(21,49,NULL,23,10,10),
	(22,53,NULL,10,10,10),
	(25,54,NULL,12,10,10),
	(28,47,NULL,29,10,10),
	(29,47,50,30,9,10),
	(31,47,48,32,9,10),
	(32,47,48,33,1,10),
	(33,54,NULL,34,3,10),
	(34,54,NULL,35,7,10),
	(36,9,NULL,36,1,10),
	(59,58,NULL,58,10,10),
	(66,66,66,65,9,10),
	(69,70,NULL,67,10,10),
	(70,70,NULL,68,10,10),
	(72,72,72,69,10,10),
	(73,73,68,70,10,10),
	(74,72,NULL,71,10,10),
	(75,72,NULL,72,10,10),
	(76,72,NULL,73,10,10),
	(84,73,73,79,6,10),
	(85,73,73,80,4,10),
	(96,79,79,90,10,10),
	(97,84,NULL,12,10,10),
	(98,84,NULL,91,10,10),
	(100,85,NULL,93,10,10),
	(101,79,NULL,94,10,10),
	(102,84,14,95,10,10),
	(103,79,79,96,10,10),
	(107,87,NULL,99,10,10),
	(108,88,88,9,9,10),
	(109,89,NULL,12,10,10),
	(110,89,NULL,14,10,10),
	(111,87,NULL,100,10,10),
	(112,87,NULL,101,10,10),
	(113,87,87,102,10,10),
	(114,87,87,104,10,10),
	(115,87,87,106,10,10),
	(117,67,68,110,10,10),
	(119,113,113,109,10,10),
	(122,116,NULL,113,10,10),
	(123,117,NULL,114,10,10),
	(124,113,116,116,7,10),
	(127,36,36,119,1,1),
	(128,37,NULL,26,1,1),
	(130,36,NULL,121,1,1),
	(131,36,NULL,122,1,1),
	(133,36,NULL,124,1,1),
	(134,40,NULL,93,1,1),
	(135,39,NULL,125,1,1),
	(136,37,NULL,126,1,1),
	(137,37,37,127,1,1),
	(138,36,36,128,1,1),
	(139,36,36,129,1,1),
	(140,36,37,130,1,1),
	(141,37,38,131,1,1),
	(142,37,39,51,1,1),
	(145,118,118,135,10,10),
	(147,119,119,137,9,10),
	(148,120,NULL,138,10,10),
	(154,122,NULL,142,10,10),
	(155,122,122,143,10,10),
	(156,123,124,144,10,10),
	(158,133,121,145,10,10),
	(159,132,133,146,9,10),
	(160,133,NULL,147,10,10),
	(161,134,NULL,148,9,10),
	(162,129,NULL,83,10,10),
	(163,130,NULL,83,10,10),
	(164,131,NULL,83,10,10),
	(165,132,NULL,83,10,10),
	(166,134,NULL,149,10,10),
	(167,128,129,150,10,10),
	(168,128,134,151,7,10),
	(169,128,134,152,3,10),
	(170,133,133,153,4,10),
	(171,133,133,154,6,10),
	(172,135,133,155,10,10),
	(173,138,133,12,10,10),
	(175,135,135,157,10,10),
	(176,137,NULL,158,10,10),
	(177,135,135,159,10,10),
	(178,137,137,160,10,10),
	(181,144,NULL,163,10,10),
	(182,139,139,164,3,10),
	(184,144,21,166,10,10),
	(196,145,139,178,10,10),
	(197,145,145,179,10,10),
	(198,145,NULL,180,10,10),
	(199,145,NULL,181,10,10),
	(200,145,NULL,182,10,10),
	(201,146,NULL,183,10,10),
	(202,148,NULL,184,10,10),
	(203,148,148,185,10,10),
	(204,148,NULL,186,10,10),
	(205,150,NULL,12,10,10),
	(207,147,NULL,187,10,10),
	(208,150,NULL,188,10,10),
	(209,147,NULL,189,10,10),
	(210,146,NULL,190,10,10),
	(211,150,150,191,10,10),
	(212,145,145,192,10,10),
	(213,145,145,193,10,10),
	(214,146,146,194,10,10),
	(218,151,148,197,9,10),
	(219,153,148,10,3,10),
	(220,151,148,198,10,10),
	(221,154,148,199,7,10),
	(222,151,148,200,10,10),
	(223,151,148,201,10,10),
	(224,151,151,202,10,10),
	(226,152,152,204,10,10),
	(228,152,NULL,206,2,10),
	(229,152,NULL,207,8,10),
	(230,154,NULL,208,10,10),
	(231,154,NULL,209,10,10),
	(232,155,NULL,210,10,10),
	(233,155,155,211,10,10),
	(234,155,NULL,212,10,10),
	(236,157,158,214,7,10),
	(237,157,158,215,3,10),
	(238,157,157,216,10,10),
	(240,158,NULL,218,10,10),
	(241,155,155,219,10,10),
	(243,157,157,221,10,10),
	(245,1,NULL,40,8,10),
	(246,1,NULL,41,2,10),
	(249,1,1,119,10,10),
	(250,2,2,67,10,10),
	(251,4,NULL,12,10,10),
	(252,4,NULL,43,9,10),
	(254,2,NULL,126,10,10),
	(256,2,3,45,10,10),
	(257,3,4,46,10,10),
	(260,1,NULL,48,6,10),
	(261,1,NULL,49,4,10),
	(263,2,3,225,3,10),
	(269,45,NULL,93,10,10),
	(272,60,58,229,10,10),
	(273,159,NULL,230,10,10),
	(274,159,NULL,231,10,10),
	(275,163,NULL,232,10,10),
	(276,164,NULL,12,10,10),
	(277,159,NULL,233,10,10),
	(278,159,NULL,234,10,10),
	(279,165,NULL,93,10,10),
	(280,160,NULL,83,10,10),
	(281,159,NULL,235,10,10),
	(282,159,NULL,236,10,10),
	(283,159,NULL,201,10,10),
	(284,159,159,237,10,10),
	(286,163,26,239,10,10),
	(287,159,159,202,10,10),
	(289,159,159,240,9,10),
	(290,166,159,241,8,10),
	(291,166,159,242,2,10),
	(293,166,159,198,6,10),
	(294,167,168,244,10,10),
	(295,166,168,245,10,10),
	(296,172,168,246,10,10),
	(298,174,168,248,10,10),
	(301,177,NULL,14,5,10),
	(302,175,NULL,250,10,10),
	(303,174,NULL,235,10,10),
	(304,175,175,251,10,10),
	(306,177,22,252,10,10),
	(307,178,22,93,3,3),
	(309,174,175,254,4,10),
	(310,174,175,255,6,10),
	(311,181,NULL,10,1,1),
	(312,179,179,256,1,1),
	(313,179,NULL,6,1,1),
	(314,179,179,9,1,1),
	(315,182,NULL,14,1,1),
	(316,182,NULL,12,1,1),
	(317,183,NULL,16,1,1),
	(318,183,NULL,93,1,1),
	(319,179,NULL,7,1,1),
	(320,180,181,258,1,1),
	(325,190,NULL,10,1,1),
	(326,184,184,22,1,1),
	(327,184,185,263,1,1),
	(328,188,NULL,26,1,1),
	(329,191,NULL,12,1,1),
	(332,188,189,265,1,1),
	(333,190,190,266,1,1),
	(335,188,NULL,28,1,1),
	(336,185,NULL,267,1,1),
	(338,184,187,30,1,1),
	(339,188,189,269,1,1),
	(340,184,185,32,1,1),
	(342,188,191,271,1,1),
	(344,188,191,133,1,1),
	(348,192,NULL,58,1,1),
	(349,192,NULL,276,1,1),
	(350,193,192,229,1,1),
	(353,192,192,65,1,1),
	(354,38,NULL,42,1,1),
	(355,1,NULL,121,8,10),
	(356,1,NULL,279,2,10),
	(357,1,NULL,122,8,10),
	(358,1,NULL,280,2,10),
	(359,2,6,26,3,10),
	(360,2,3,224,10,10),
	(361,5,NULL,93,5,10),
	(362,3,NULL,125,10,10),
	(363,1,1,128,8,10),
	(364,1,1,281,1,10),
	(365,1,1,282,1,10),
	(366,1,1,129,5,10),
	(367,1,1,283,3,10),
	(368,1,1,284,1,10),
	(369,1,1,285,1,10),
	(371,2,4,131,7,10),
	(372,2,4,271,3,10),
	(373,2,3,51,3,10),
	(374,2,3,50,7,10),
	(376,36,NULL,286,1,1),
	(377,38,NULL,43,1,1),
	(378,37,39,45,1,1),
	(381,36,39,227,1,1),
	(385,36,39,49,1,1),
	(386,4,39,12,10,10),
	(387,4,NULL,42,10,10),
	(388,1,NULL,124,4,10),
	(390,36,NULL,289,1,1),
	(391,2,NULL,290,10,10),
	(392,37,NULL,291,1,1),
	(394,36,36,292,1,1),
	(395,1,1,292,1,10),
	(396,5,4,293,10,10),
	(397,1,3,227,6,10),
	(401,43,43,296,1,2),
	(402,43,43,297,1,2),
	(403,42,43,298,4,10),
	(404,42,43,299,5,10),
	(405,42,43,258,1,10),
	(409,41,41,256,10,10),
	(411,41,44,300,10,10),
	(412,179,182,300,1,1),
	(414,42,43,301,4,10),
	(415,42,43,302,2,10),
	(416,42,43,303,4,10),
	(417,41,41,304,10,10),
	(418,179,179,305,1,1),
	(419,186,NULL,23,1,1),
	(420,184,NULL,29,1,1),
	(421,191,NULL,35,1,1),
	(422,54,54,306,10,10),
	(424,47,48,263,4,10),
	(425,47,48,25,6,10),
	(427,51,189,26,10,10),
	(428,51,189,28,10,10),
	(431,188,188,67,1,1),
	(432,51,51,67,10,10),
	(433,51,52,265,2,10),
	(434,188,189,307,8,10),
	(435,53,53,266,9,10),
	(436,53,53,308,1,10),
	(437,191,191,306,1,1),
	(438,48,191,267,1,10),
	(439,47,191,29,10,10),
	(440,184,191,29,1,1),
	(442,191,191,309,1,1),
	(443,54,54,309,5,10),
	(445,51,54,271,10,10),
	(447,50,54,272,8,10),
	(448,50,54,312,2,10),
	(449,51,54,133,8,10),
	(450,51,54,313,2,10),
	(451,188,48,26,1,1),
	(452,188,48,28,1,1),
	(453,185,48,267,1,1),
	(454,51,48,26,10,10),
	(455,191,48,35,1,1),
	(456,51,188,28,10,10),
	(457,48,188,267,1,10),
	(458,51,52,269,10,10),
	(459,51,52,307,8,10),
	(460,54,NULL,264,8,10),
	(462,54,NULL,314,2,10),
	(463,58,60,315,8,10),
	(464,192,193,315,1,1),
	(465,58,60,316,2,10),
	(466,58,58,57,8,10),
	(467,58,58,65,2,10),
	(478,66,NULL,322,4,10),
	(481,197,197,67,1,1),
	(482,197,NULL,68,1,1),
	(484,195,196,110,1,1),
	(485,66,67,323,10,10),
	(486,194,195,323,1,1),
	(488,70,195,325,10,10),
	(489,194,194,65,1,1),
	(490,197,NULL,26,1,1),
	(491,70,NULL,26,10,10),
	(492,202,202,69,1,1),
	(494,202,NULL,71,1,1),
	(495,202,202,72,1,1),
	(496,202,202,73,1,1),
	(498,72,72,326,10,10),
	(499,202,202,327,1,1),
	(500,72,72,328,10,10),
	(501,202,202,328,1,1),
	(502,203,203,79,1,1),
	(505,202,203,331,1,1),
	(524,207,207,90,1,1),
	(525,210,NULL,12,1,1),
	(527,79,79,92,10,10),
	(528,207,207,92,1,1),
	(529,211,NULL,93,1,1),
	(530,207,NULL,94,1,1),
	(531,210,78,95,1,1),
	(532,207,207,96,1,1),
	(533,207,207,328,1,1),
	(534,79,79,342,10,10),
	(535,207,207,343,1,1),
	(536,79,79,328,10,10),
	(537,79,NULL,344,1,10),
	(538,79,NULL,345,9,10),
	(539,207,NULL,345,1,1),
	(540,79,NULL,346,10,10),
	(541,207,NULL,346,1,1),
	(542,79,NULL,347,10,10),
	(543,207,NULL,347,1,1),
	(544,84,14,348,10,10),
	(545,210,78,348,1,1),
	(546,79,84,331,10,10),
	(547,207,210,331,1,1),
	(548,212,NULL,99,1,1),
	(549,213,213,9,1,1),
	(550,214,NULL,12,1,1),
	(551,214,NULL,14,1,1),
	(552,212,NULL,100,1,1),
	(553,212,NULL,101,1,1),
	(554,212,212,102,1,1),
	(555,212,212,104,1,1),
	(556,212,212,349,1,1),
	(557,88,88,107,1,10),
	(558,88,88,350,6,10),
	(559,88,88,351,3,10),
	(560,213,213,351,1,1),
	(561,88,89,352,10,10),
	(562,213,214,352,1,1),
	(563,87,89,353,10,10),
	(564,212,214,353,1,1),
	(565,89,214,252,10,10),
	(566,214,214,252,1,1),
	(570,213,NULL,357,1,1),
	(571,215,215,135,1,1),
	(572,118,NULL,358,10,10),
	(573,215,NULL,358,1,1),
	(574,216,216,359,1,1),
	(575,217,NULL,138,1,1),
	(576,118,120,360,2,10),
	(577,215,217,360,1,1),
	(578,118,119,361,10,10),
	(579,215,216,361,1,1),
	(580,118,118,362,10,10),
	(581,215,215,363,1,1),
	(582,119,215,364,2,10),
	(583,119,215,365,8,10),
	(585,120,215,188,10,10),
	(586,217,215,188,1,1),
	(587,120,16,368,10,10),
	(588,217,90,368,1,1),
	(589,218,218,109,1,1),
	(590,113,114,369,10,10),
	(591,218,219,369,1,1),
	(592,220,NULL,113,1,1),
	(593,221,NULL,114,1,1),
	(594,218,220,116,1,1),
	(595,221,105,368,1,1),
	(596,117,17,368,9,10),
	(597,117,113,370,2,10),
	(602,221,218,370,1,1),
	(603,113,116,374,10,10),
	(604,218,220,375,1,1),
	(610,227,NULL,91,1,1),
	(611,126,NULL,70,10,10),
	(612,227,NULL,70,1,1),
	(613,121,NULL,141,7,10),
	(614,222,222,109,1,1),
	(615,223,223,380,1,1),
	(616,224,225,381,1,1),
	(617,127,225,93,10,10),
	(618,228,225,93,1,1),
	(622,227,106,368,1,1),
	(623,252,NULL,145,1,1),
	(624,251,252,146,1,1),
	(625,252,NULL,147,1,1),
	(626,253,NULL,148,1,1),
	(627,250,NULL,83,1,1),
	(628,251,NULL,83,1,1),
	(629,253,NULL,149,1,1),
	(630,249,250,150,1,1),
	(632,252,252,153,1,1),
	(633,252,NULL,385,1,1),
	(634,249,250,386,1,1),
	(635,128,129,386,8,10),
	(636,128,129,388,2,10),
	(637,252,252,389,1,1),
	(638,133,133,390,6,6),
	(641,254,NULL,393,1,1),
	(642,257,NULL,12,1,1),
	(644,254,254,157,1,1),
	(645,256,NULL,158,1,1),
	(646,254,254,159,1,1),
	(647,256,256,160,1,1),
	(650,138,NULL,395,1,1),
	(652,257,257,306,1,1),
	(653,255,256,399,1,1),
	(654,136,137,400,6,10),
	(655,136,137,401,4,10),
	(656,261,NULL,163,1,1),
	(657,258,258,164,1,1),
	(659,258,NULL,393,1,1),
	(660,139,NULL,155,8,10),
	(661,139,NULL,393,2,10),
	(663,139,NULL,404,3,10),
	(664,258,NULL,404,1,1),
	(669,258,139,407,10,10),
	(670,139,NULL,407,10,10),
	(671,258,NULL,408,1,1),
	(672,139,NULL,409,10,10),
	(673,258,NULL,409,1,1),
	(674,258,NULL,410,1,1),
	(675,139,NULL,410,2,10),
	(676,139,NULL,411,8,10),
	(677,261,NULL,188,1,1),
	(678,144,NULL,188,3,10),
	(679,144,NULL,412,7,10),
	(680,262,NULL,178,1,1),
	(681,262,NULL,179,1,1),
	(682,262,NULL,180,1,1),
	(683,262,NULL,181,1,1),
	(684,262,NULL,182,1,1),
	(685,263,NULL,183,1,1),
	(686,264,NULL,184,1,1),
	(687,264,264,185,1,1),
	(688,264,NULL,186,1,1),
	(689,266,NULL,12,1,1),
	(692,126,121,419,4,10),
	(693,227,222,419,1,1),
	(734,139,139,421,8,10),
	(735,258,258,421,1,1),
	(753,179,180,426,1,1),
	(791,188,NULL,434,1,1),
	(804,192,193,438,1,1),
	(809,60,58,441,2,10),
	(810,60,58,442,8,10),
	(811,193,192,441,1,1),
	(815,197,NULL,126,1,1),
	(816,70,NULL,126,10,10),
	(838,72,NULL,446,10,10),
	(839,202,NULL,446,1,1),
	(853,210,NULL,91,1,1),
	(882,216,NULL,366,1,1),
	(912,121,NULL,454,10,10),
	(914,222,NULL,454,1,1),
	(937,249,253,458,1,1),
	(945,343,NULL,393,5,9),
	(946,346,NULL,12,9,9),
	(948,343,343,157,9,9),
	(949,345,NULL,158,7,9),
	(950,343,343,159,9,9),
	(951,345,345,160,9,9),
	(954,346,346,306,6,9),
	(955,344,345,399,8,9),
	(956,348,348,421,9,9),
	(957,350,NULL,163,9,9),
	(958,348,348,164,9,9),
	(959,352,NULL,178,9,9),
	(960,352,352,179,9,9),
	(961,352,NULL,180,9,9),
	(962,352,NULL,181,9,9),
	(963,352,NULL,182,9,9),
	(964,353,NULL,183,9,9),
	(965,354,NULL,184,9,9),
	(966,354,354,185,9,9),
	(967,354,NULL,186,9,9),
	(968,356,NULL,12,9,9),
	(969,357,NULL,187,9,9),
	(970,267,NULL,187,1,1),
	(971,266,NULL,188,1,1),
	(972,356,NULL,188,9,9),
	(973,357,NULL,189,9,9),
	(974,267,NULL,189,1,1),
	(975,263,NULL,190,1,1),
	(976,353,NULL,190,9,9),
	(977,356,356,191,9,9),
	(978,266,266,191,1,1),
	(979,262,262,192,1,1),
	(980,352,353,192,9,9),
	(981,352,NULL,193,9,9),
	(982,262,NULL,193,1,1),
	(983,263,263,194,1,1),
	(984,353,353,194,9,9),
	(985,148,148,455,10,10),
	(986,354,354,455,9,9),
	(987,264,264,455,1,1),
	(988,149,148,459,10,10),
	(989,265,264,459,1,1),
	(990,355,354,459,9,9),
	(991,149,354,460,10,10),
	(992,265,354,460,1,1),
	(993,355,354,460,9,9),
	(994,149,354,461,10,10),
	(995,355,354,461,8,9),
	(996,265,354,462,1,1),
	(997,355,354,462,7,9),
	(998,145,146,463,4,10),
	(999,145,146,464,6,10),
	(1000,262,263,463,1,1),
	(1001,352,353,463,3,9),
	(1002,352,353,464,6,9),
	(1003,359,NULL,210,1,1),
	(1004,359,359,211,1,1),
	(1005,359,NULL,466,1,1),
	(1006,361,362,214,1,1),
	(1007,362,NULL,218,1,1),
	(1008,361,361,221,1,1),
	(1009,155,155,467,8,10),
	(1010,155,155,468,2,10),
	(1011,359,359,468,1,1),
	(1012,156,157,470,10,10),
	(1013,360,361,471,1,1),
	(1014,158,158,472,7,10),
	(1015,158,158,473,2,10),
	(1016,158,158,474,1,10),
	(1017,362,362,472,1,1),
	(1018,155,362,475,1,10),
	(1019,155,362,231,9,10),
	(1021,158,362,12,4,10),
	(1022,362,362,12,1,1),
	(1023,158,155,476,10,10),
	(1024,362,359,476,1,1),
	(1025,155,NULL,201,10,10),
	(1026,359,NULL,201,1,1),
	(1027,359,360,478,1,1),
	(1028,363,NULL,210,9,9),
	(1029,363,363,211,8,9),
	(1031,365,366,214,3,9),
	(1032,365,366,215,6,9),
	(1033,366,NULL,218,9,9),
	(1034,365,365,221,7,9),
	(1035,365,365,296,1,9),
	(1036,365,365,297,1,9),
	(1038,363,363,467,4,9),
	(1041,364,365,471,8,9),
	(1043,366,366,472,7,9),
	(1044,366,366,474,2,9),
	(1045,366,NULL,12,9,9),
	(1046,366,363,476,9,9),
	(1047,363,NULL,477,9,9),
	(1048,363,364,478,8,9),
	(1049,363,364,479,1,9),
	(1050,363,NULL,212,9,9),
	(1051,363,NULL,475,3,9),
	(1052,363,363,468,4,9),
	(1053,368,NULL,480,1,1),
	(1054,370,NULL,10,1,1),
	(1055,368,NULL,198,1,1),
	(1056,371,NULL,199,1,1),
	(1057,368,NULL,200,1,1),
	(1058,368,NULL,201,1,1),
	(1059,368,368,202,1,1),
	(1061,369,369,204,1,1),
	(1063,369,NULL,206,1,1),
	(1064,371,NULL,208,1,1),
	(1065,371,NULL,209,1,1),
	(1066,370,370,221,1,1),
	(1067,371,NULL,481,1,1),
	(1068,368,371,482,1,1),
	(1069,151,154,482,10,10),
	(1070,154,NULL,483,10,10),
	(1071,154,NULL,188,10,10),
	(1072,371,NULL,188,1,1),
	(1073,372,NULL,484,1,10),
	(1074,372,NULL,197,2,10),
	(1076,374,NULL,10,10,10),
	(1077,372,NULL,198,10,10),
	(1078,372,NULL,480,6,9),
	(1079,375,NULL,14,3,9),
	(1080,375,NULL,199,4,9),
	(1081,375,NULL,217,2,9),
	(1082,372,NULL,200,9,9),
	(1083,372,NULL,201,9,9),
	(1084,372,372,202,9,9),
	(1086,373,NULL,485,7,9),
	(1087,373,NULL,486,2,9),
	(1088,373,373,204,9,9),
	(1090,373,NULL,206,9,9),
	(1091,375,NULL,208,9,9),
	(1092,375,NULL,209,9,9),
	(1093,374,374,221,2,9),
	(1094,374,374,297,7,9),
	(1095,375,NULL,481,2,9),
	(1096,375,NULL,483,1,9),
	(1097,375,NULL,487,1,9),
	(1098,375,NULL,488,5,9),
	(1099,372,375,482,3,9),
	(1100,372,375,489,1,9),
	(1101,372,375,490,5,9),
	(1102,375,NULL,188,3,9),
	(1103,375,NULL,412,6,9),
	(1104,377,NULL,242,1,1),
	(1105,166,NULL,491,4,10),
	(1106,377,NULL,491,1,1),
	(1107,378,379,244,1,1),
	(1108,377,379,245,1,1),
	(1111,172,172,493,2,10),
	(1112,172,172,492,8,10),
	(1117,384,NULL,242,8,9),
	(1119,384,NULL,198,5,9),
	(1120,384,NULL,491,3,9),
	(1121,384,NULL,496,1,9),
	(1122,385,386,244,5,9),
	(1123,385,386,497,1,9),
	(1124,385,386,498,3,9),
	(1125,384,386,245,9,9),
	(1132,174,NULL,247,10,10),
	(1133,391,NULL,248,1,1),
	(1134,392,392,185,1,1),
	(1135,175,175,185,8,10),
	(1136,395,175,42,1,1),
	(1137,177,175,42,10,10),
	(1138,395,175,14,1,1),
	(1139,391,175,235,1,1),
	(1140,395,175,252,1,1),
	(1141,391,392,501,1,1),
	(1142,391,NULL,236,1,1),
	(1143,174,NULL,236,10,10),
	(1144,176,NULL,504,5,10),
	(1145,176,NULL,503,5,10),
	(1146,393,NULL,502,1,1),
	(1147,391,391,468,1,1),
	(1148,174,174,467,5,10),
	(1149,174,174,469,5,10),
	(1150,397,NULL,248,7,9),
	(1151,397,NULL,505,2,9),
	(1152,401,NULL,14,9,9),
	(1153,398,NULL,250,4,9),
	(1154,397,NULL,235,9,9),
	(1155,398,398,251,2,9),
	(1156,401,NULL,252,9,9),
	(1157,397,NULL,247,5,9),
	(1160,397,398,506,6,8),
	(1161,397,398,508,2,8),
	(1162,391,392,506,1,1),
	(1163,174,175,506,2,10),
	(1164,397,175,235,9,9),
	(1166,401,175,14,9,9),
	(1167,397,175,248,6,9),
	(1168,397,175,505,3,9),
	(1169,401,175,252,8,9),
	(1171,405,NULL,126,10,10),
	(1172,405,NULL,511,1,10),
	(1173,405,NULL,510,6,10),
	(1174,405,NULL,26,3,10),
	(1175,405,405,67,10,10),
	(1176,405,NULL,68,1,10),
	(1177,405,NULL,512,9,10),
	(1178,403,405,515,3,10),
	(1179,403,405,516,2,10),
	(1180,403,405,517,5,10),
	(1181,404,405,518,10,10),
	(1182,405,406,519,10,10),
	(1183,406,407,110,10,10),
	(1184,407,408,110,6,7),
	(1185,407,408,144,1,7),
	(1187,410,NULL,379,6,10),
	(1190,410,NULL,217,1,10),
	(1191,405,410,523,10,10),
	(1192,411,NULL,93,10,10),
	(1193,411,NULL,17,10,10),
	(1194,411,NULL,526,10,10),
	(1195,414,NULL,126,1,1),
	(1196,414,NULL,512,1,1),
	(1197,414,414,67,1,1),
	(1198,412,414,515,1,1),
	(1199,413,414,518,1,1),
	(1200,414,415,519,1,1),
	(1201,415,416,144,1,1),
	(1202,416,417,144,1,1),
	(1203,417,418,110,1,1),
	(1204,419,NULL,376,1,1),
	(1205,419,NULL,379,1,1),
	(1206,414,419,523,1,1),
	(1207,420,NULL,93,1,1),
	(1209,420,NULL,526,1,1),
	(1213,424,424,67,8,8),
	(1214,424,NULL,512,8,8),
	(1215,421,424,515,8,8),
	(1216,422,424,518,8,8),
	(1217,424,425,520,4,8),
	(1218,424,425,519,4,8),
	(1219,425,426,144,2,8),
	(1220,425,426,110,6,8),
	(1222,429,NULL,12,8,8),
	(1223,429,NULL,379,8,8),
	(1224,424,429,523,8,8),
	(1226,430,NULL,93,8,8),
	(1227,430,NULL,16,8,8),
	(1228,430,NULL,526,8,8),
	(1229,432,NULL,527,10,10),
	(1230,432,NULL,528,10,10),
	(1231,432,433,530,10,10),
	(1232,432,433,533,2,10),
	(1233,432,433,534,8,10),
	(1234,433,NULL,535,10,10),
	(1235,433,433,537,7,10),
	(1236,433,433,538,3,10),
	(1237,434,NULL,539,10,10),
	(1238,434,NULL,540,10,10),
	(1239,434,433,543,5,10),
	(1240,434,432,544,5,10),
	(1241,435,432,545,10,10),
	(1242,435,NULL,335,10,10),
	(1243,435,NULL,546,10,10),
	(1244,432,435,272,10,10),
	(1245,436,435,548,1,1),
	(1246,436,435,529,1,1),
	(1247,436,437,530,1,1),
	(1248,436,437,550,1,1),
	(1249,437,NULL,536,1,1),
	(1250,437,437,537,1,1),
	(1251,438,NULL,551,1,1),
	(1252,438,NULL,542,1,1),
	(1253,438,438,552,1,1),
	(1254,439,436,545,1,1),
	(1255,439,NULL,335,1,1),
	(1256,439,NULL,553,1,1),
	(1257,436,439,272,1,1),
	(1258,441,NULL,548,9,9),
	(1259,441,NULL,554,3,9),
	(1260,441,NULL,556,6,9),
	(1261,432,NULL,556,10,10),
	(1262,436,NULL,556,1,1),
	(1263,441,NULL,529,9,9),
	(1264,441,442,530,5,9),
	(1265,441,442,532,4,9),
	(1266,441,442,534,6,9),
	(1267,441,442,550,3,9),
	(1268,442,NULL,536,9,9),
	(1269,442,442,537,5,9),
	(1270,442,442,557,3,9),
	(1271,443,NULL,551,9,9),
	(1273,443,NULL,540,5,9),
	(1274,443,NULL,542,4,9),
	(1275,443,443,552,8,9),
	(1276,443,442,543,1,9),
	(1277,444,441,545,9,9),
	(1278,444,NULL,335,2,9),
	(1286,444,435,546,8,9),
	(1287,444,435,553,1,9),
	(1288,441,444,272,4,9),
	(1289,441,444,312,5,9),
	(1290,447,NULL,564,10,10),
	(1291,447,NULL,565,10,10),
	(1293,448,NULL,567,10,10),
	(1294,448,449,570,9,10),
	(1295,448,449,571,1,10),
	(1296,449,NULL,573,8,10),
	(1297,451,NULL,12,10,10),
	(1299,451,NULL,379,9,10),
	(1300,452,NULL,93,10,10),
	(1301,452,NULL,17,9,10),
	(1302,452,NULL,16,1,10),
	(1304,453,NULL,564,1,1),
	(1305,453,NULL,577,1,1),
	(1306,453,454,578,1,1),
	(1307,447,448,578,10,10),
	(1308,454,448,567,1,1),
	(1309,454,455,571,1,1),
	(1310,455,NULL,573,1,1),
	(1311,456,NULL,12,1,1),
	(1312,456,NULL,379,1,1),
	(1313,457,NULL,93,1,1),
	(1314,457,NULL,17,1,1),
	(1315,453,456,272,1,1),
	(1316,458,456,564,9,9),
	(1317,458,456,581,9,9),
	(1318,459,456,567,7,9),
	(1319,459,456,569,2,9),
	(1320,459,460,571,9,9),
	(1321,460,NULL,573,7,9),
	(1322,461,NULL,376,9,9),
	(1324,461,NULL,379,7,9),
	(1325,461,NULL,14,2,9),
	(1326,462,NULL,93,9,9),
	(1327,462,NULL,16,3,9),
	(1328,462,NULL,17,6,9),
	(1329,458,461,272,9,9),
	(1330,458,459,578,5,9),
	(1331,458,459,579,3,9),
	(1332,458,459,580,1,9),
	(1333,465,465,159,10,10),
	(1334,465,465,421,7,10),
	(1335,465,465,584,1,10),
	(1336,465,465,585,2,10),
	(1337,465,NULL,586,10,10),
	(1338,465,466,590,9,10),
	(1339,465,466,592,1,10),
	(1340,466,466,593,10,10),
	(1341,466,466,595,9,10),
	(1342,466,466,597,1,10),
	(1343,466,466,598,6,10),
	(1344,466,466,599,4,10),
	(1345,466,NULL,601,5,10),
	(1346,466,NULL,602,5,10),
	(1347,466,466,603,4,10),
	(1348,466,466,604,5,10),
	(1349,466,466,605,1,10),
	(1350,466,467,607,8,10),
	(1351,466,467,608,1,10),
	(1352,466,467,606,1,10),
	(1353,467,468,144,10,10),
	(1354,469,470,611,10,10),
	(1355,470,NULL,336,1,10),
	(1356,470,NULL,12,10,10),
	(1357,470,465,613,5,10),
	(1358,470,466,614,5,10),
	(1360,471,471,584,1,1),
	(1361,471,NULL,586,1,1),
	(1362,471,472,590,1,1),
	(1363,472,NULL,593,1,1),
	(1364,472,472,595,1,1),
	(1365,472,472,599,1,1),
	(1366,472,NULL,601,1,1),
	(1367,472,472,604,1,1),
	(1368,472,473,607,1,1),
	(1369,473,474,110,1,1),
	(1370,476,NULL,12,1,1),
	(1371,476,472,614,1,1),
	(1372,476,NULL,546,1,1),
	(1373,470,NULL,546,3,10),
	(1374,470,NULL,553,7,10),
	(1375,471,NULL,615,1,1),
	(1376,478,NULL,615,10,10),
	(1379,478,478,582,3,10),
	(1380,478,NULL,586,10,10),
	(1381,478,479,590,7,10),
	(1382,478,479,591,3,10),
	(1383,479,479,593,10,10),
	(1384,479,479,595,10,10),
	(1385,479,479,598,2,10),
	(1386,479,479,599,8,10),
	(1387,479,NULL,601,10,10),
	(1388,479,479,603,1,10),
	(1389,479,479,604,9,10),
	(1390,479,480,607,10,10),
	(1392,480,481,144,5,10),
	(1393,480,481,110,5,10),
	(1394,481,482,110,8,10),
	(1395,481,482,144,2,10),
	(1396,483,NULL,336,4,10),
	(1397,483,NULL,335,3,10),
	(1398,483,NULL,12,3,10),
	(1399,483,478,613,6,10),
	(1400,483,479,614,4,10),
	(1401,483,NULL,546,7,10),
	(1402,483,NULL,553,3,10),
	(1404,484,484,240,1,1),
	(1405,484,NULL,230,1,1),
	(1406,484,NULL,475,1,1),
	(1407,488,NULL,232,1,1),
	(1408,489,NULL,12,1,1),
	(1409,484,NULL,233,1,1),
	(1410,484,NULL,234,1,1),
	(1411,490,NULL,93,1,1),
	(1412,485,NULL,83,1,1),
	(1413,484,NULL,235,1,1),
	(1414,484,NULL,236,1,1),
	(1416,484,484,211,1,1),
	(1417,488,NULL,239,1,1),
	(1418,484,484,202,1,1),
	(1419,490,484,617,1,1),
	(1420,165,159,617,6,10),
	(1422,488,488,238,1,1),
	(1423,163,163,238,10,10),
	(1427,489,484,622,1,1),
	(1428,164,159,623,10,10),
	(1429,38,NULL,12,1,1),
	(1430,38,NULL,12,1,1),
	(1431,37,39,225,1,1),
	(1432,181,181,296,1,1),
	(1433,41,42,426,4,10),
	(1434,41,42,625,4,10),
	(1435,41,42,626,2,10),
	(1436,191,NULL,264,1,1),
	(1437,51,NULL,434,5,10),
	(1438,51,NULL,435,5,10),
	(1439,9,NULL,627,9,10),
	(1441,58,NULL,322,4,10),
	(1442,58,NULL,629,6,10),
	(1444,58,60,631,2,10),
	(1445,58,60,632,4,10),
	(1446,58,60,633,4,10),
	(1448,192,NULL,322,1,1),
	(1449,58,NULL,276,2,10),
	(1450,58,NULL,436,8,10),
	(1451,60,NULL,634,6,10),
	(1452,60,NULL,635,4,10),
	(1453,193,NULL,635,1,1),
	(1454,194,NULL,629,1,1),
	(1455,197,NULL,324,1,1),
	(1456,70,70,636,10,10),
	(1457,197,197,637,1,1),
	(1458,72,72,327,8,10),
	(1463,72,73,413,10,10),
	(1468,79,NULL,642,10,10),
	(1469,207,NULL,643,1,1),
	(1474,79,NULL,647,10,10),
	(1475,207,NULL,649,1,1),
	(1477,79,84,416,10,10),
	(1478,207,210,415,1,1),
	(1480,87,NULL,653,3,10),
	(1481,87,NULL,651,7,10),
	(1482,212,NULL,651,1,1),
	(1485,88,NULL,655,10,10),
	(1487,213,213,304,1,1),
	(1488,88,88,238,7,10),
	(1489,88,88,304,2,10),
	(1490,88,88,305,1,10),
	(1533,36,NULL,49,1,1),
	(1534,502,NULL,42,9,9),
	(1535,500,NULL,286,2,9),
	(1536,502,NULL,43,7,9),
	(1537,502,NULL,656,2,9),
	(1538,501,503,45,8,9),
	(1539,501,503,657,1,9),
	(1540,501,502,131,1,9),
	(1541,501,502,271,8,9),
	(1542,501,503,51,7,9),
	(1543,501,503,225,7,9),
	(1544,501,503,50,2,9),
	(1545,501,503,224,2,9),
	(1546,503,502,610,1,9),
	(1547,503,502,611,8,9),
	(1548,500,503,227,9,9),
	(1549,500,NULL,48,8,9),
	(1550,500,NULL,49,1,9),
	(1551,500,NULL,288,9,9),
	(1552,501,NULL,290,9,9),
	(1553,500,500,292,9,9),
	(1554,500,500,119,9,9),
	(1555,501,NULL,26,9,9),
	(1556,500,NULL,121,8,9),
	(1557,500,NULL,279,1,9),
	(1558,500,NULL,658,3,9),
	(1559,500,NULL,124,9,9),
	(1560,504,NULL,93,9,9),
	(1561,501,NULL,126,9,9),
	(1562,501,501,423,9,9),
	(1563,500,500,128,9,9),
	(1564,500,500,129,5,9),
	(1565,500,500,284,1,9),
	(1566,500,501,130,8,9),
	(1567,500,501,659,1,9),
	(1568,501,502,133,2,9),
	(1569,500,NULL,40,3,9),
	(1570,500,NULL,41,1,9),
	(1571,501,503,660,8,9),
	(1575,39,38,610,1,1),
	(1576,37,38,133,1,1),
	(1577,503,NULL,125,9,9),
	(1578,502,NULL,12,9,9),
	(1579,4,NULL,12,10,10),
	(1580,502,NULL,12,9,9),
	(1581,39,38,46,1,1),
	(1582,2,2,423,10,10),
	(1583,3,4,610,10,10),
	(1584,2,4,133,10,10),
	(1586,2,3,661,7,10),
	(1587,503,502,46,1,9),
	(1588,503,502,662,8,9),
	(1589,508,NULL,10,5,5),
	(1590,506,506,256,9,9),
	(1591,506,NULL,6,9,9),
	(1592,506,506,9,9,9),
	(1593,509,NULL,14,9,9),
	(1594,509,NULL,12,9,9),
	(1595,510,NULL,16,2,9),
	(1596,510,NULL,17,7,9),
	(1597,510,NULL,93,9,9),
	(1598,506,NULL,7,9,9),
	(1599,507,508,258,1,9),
	(1600,507,508,299,1,9),
	(1601,507,508,298,7,9),
	(1602,508,508,296,2,5),
	(1603,508,508,297,3,5),
	(1604,506,506,304,8,9),
	(1605,506,506,238,1,9),
	(1606,506,509,300,9,9),
	(1607,506,507,426,9,9),
	(1608,180,181,301,1,1),
	(1609,507,508,303,1,9),
	(1610,507,508,301,3,9),
	(1611,507,508,302,5,9),
	(1612,179,180,663,1,1),
	(1613,41,42,663,4,10),
	(1614,506,507,663,9,9),
	(1615,517,NULL,10,9,9),
	(1616,511,511,22,9,9),
	(1617,511,512,25,3,9),
	(1618,511,512,263,6,9),
	(1619,515,NULL,26,9,9),
	(1620,518,NULL,12,9,9),
	(1621,515,516,265,6,9),
	(1622,515,516,307,3,9),
	(1623,517,517,266,3,9),
	(1624,515,NULL,28,9,9),
	(1625,512,NULL,664,9,9),
	(1626,511,514,30,6,9),
	(1627,511,514,429,3,9),
	(1628,511,514,430,2,9),
	(1629,515,516,269,7,9),
	(1630,515,516,431,2,9),
	(1631,511,512,32,7,9),
	(1632,511,512,33,2,9),
	(1633,515,518,271,9,9),
	(1634,515,518,313,6,9),
	(1635,515,518,133,3,9),
	(1636,513,NULL,23,9,9),
	(1637,511,NULL,29,1,9),
	(1638,518,NULL,35,9,9),
	(1639,518,518,309,5,9),
	(1640,518,518,310,4,9),
	(1641,518,518,432,4,9),
	(1642,515,515,67,8,8),
	(1645,514,518,272,9,9),
	(1646,515,NULL,434,6,9),
	(1647,515,NULL,435,3,9),
	(1649,518,NULL,264,9,9),
	(1650,520,NULL,58,9,9),
	(1651,520,NULL,276,6,9),
	(1652,520,NULL,436,3,9),
	(1653,521,520,229,9,9),
	(1654,520,520,65,3,9),
	(1655,520,520,57,6,9),
	(1656,520,521,315,7,9),
	(1657,520,521,316,2,9),
	(1658,520,521,438,3,9),
	(1663,192,193,320,1,1),
	(1664,520,NULL,322,9,9),
	(1665,521,NULL,635,2,9),
	(1666,521,NULL,634,7,9),
	(1667,192,193,665,1,1),
	(1668,520,521,665,1,9),
	(1669,520,521,666,8,9),
	(1670,58,60,665,1,10),
	(1671,58,60,666,9,10),
	(1672,525,525,67,9,9),
	(1673,525,NULL,68,9,9),
	(1674,525,NULL,28,9,9),
	(1675,523,524,381,1,8),
	(1676,523,524,144,2,8),
	(1677,523,524,110,5,8),
	(1678,522,522,65,9,9),
	(1679,525,NULL,26,9,9),
	(1680,522,NULL,58,7,9),
	(1681,522,NULL,629,2,9),
	(1682,66,NULL,629,10,10),
	(1683,66,70,668,4,10),
	(1684,66,70,669,6,10),
	(1685,522,525,668,9,9),
	(1686,197,NULL,28,1,1),
	(1687,194,197,668,1,1),
	(1688,522,523,323,9,9),
	(1689,525,NULL,126,9,9),
	(1690,525,NULL,324,9,9),
	(1691,525,525,637,9,9),
	(1692,70,70,637,6,10),
	(1693,194,NULL,672,1,1),
	(1694,66,NULL,672,10,10),
	(1695,70,NULL,28,10,10),
	(1696,526,526,69,9,9),
	(1697,527,NULL,70,3,9),
	(1698,527,NULL,15,1,9),
	(1699,527,NULL,444,5,9),
	(1700,526,NULL,71,9,9),
	(1701,526,526,72,9,9),
	(1702,526,526,73,9,9),
	(1703,526,526,327,9,9),
	(1704,526,526,328,7,9),
	(1705,526,526,445,2,9),
	(1706,527,527,79,8,9),
	(1707,527,527,80,1,9),
	(1708,72,NULL,675,10,10),
	(1709,72,NULL,673,10,10),
	(1710,202,NULL,673,1,1),
	(1711,202,NULL,675,1,1),
	(1712,526,NULL,675,9,9),
	(1713,526,NULL,673,9,9),
	(1714,72,NULL,677,10,10),
	(1715,202,NULL,677,1,1),
	(1716,526,NULL,677,9,9),
	(1719,202,203,415,1,1),
	(1720,526,527,332,1,9),
	(1721,526,527,331,7,9),
	(1722,526,527,413,1,9),
	(1723,526,NULL,446,9,9),
	(1724,538,NULL,678,10,10),
	(1725,538,NULL,681,10,10),
	(1726,538,538,682,10,10),
	(1727,538,NULL,684,10,10),
	(1729,538,NULL,689,10,10),
	(1730,538,539,690,3,10),
	(1731,538,539,691,7,10),
	(1732,539,541,611,6,10),
	(1733,539,541,610,4,10),
	(1734,538,541,300,9,10),
	(1735,538,541,260,1,10),
	(1736,541,NULL,634,10,10),
	(1737,541,NULL,694,10,10),
	(1738,538,541,696,5,10),
	(1739,538,541,695,4,10),
	(1740,538,541,697,1,10),
	(1741,539,541,699,5,10),
	(1742,539,541,698,5,10),
	(1743,538,541,701,10,10),
	(1744,539,540,704,10,10),
	(1745,539,541,707,10,10),
	(1746,538,541,710,7,10),
	(1747,538,541,712,1,10),
	(1748,538,541,711,2,10),
	(1749,542,NULL,678,1,1),
	(1750,542,NULL,681,1,1),
	(1751,542,542,682,1,1),
	(1752,542,NULL,684,1,1),
	(1753,542,NULL,689,1,1),
	(1754,542,543,691,1,1),
	(1755,543,545,611,1,1),
	(1756,542,545,300,1,1),
	(1757,545,NULL,635,1,1),
	(1758,545,NULL,694,1,1),
	(1759,542,545,695,1,1),
	(1760,543,545,698,1,1),
	(1761,542,545,701,1,1),
	(1762,543,544,704,1,1),
	(1763,543,545,707,1,1),
	(1764,542,545,710,1,1),
	(1765,534,NULL,678,9,9),
	(1766,534,NULL,681,9,9),
	(1767,534,534,682,9,9),
	(1768,534,NULL,684,9,9),
	(1769,534,NULL,689,9,9),
	(1770,534,535,690,2,9),
	(1771,534,535,691,7,9),
	(1772,535,537,611,4,9),
	(1773,535,537,610,5,9),
	(1774,534,537,300,9,9),
	(1775,537,NULL,42,1,9),
	(1776,537,NULL,635,1,9),
	(1777,537,NULL,634,7,9),
	(1778,537,NULL,694,9,9),
	(1779,534,537,695,7,9),
	(1780,534,537,696,2,9),
	(1783,534,537,702,9,9),
	(1784,535,536,704,8,8),
	(1785,535,537,707,7,9),
	(1786,535,537,708,2,9),
	(1787,534,537,710,9,9),
	(1788,535,537,698,7,9),
	(1789,535,537,699,2,9),
	(1790,546,546,92,9,9),
	(1791,551,NULL,93,9,9),
	(1792,546,NULL,94,9,9),
	(1793,546,546,96,9,9),
	(1794,546,546,445,4,9),
	(1795,546,546,447,2,9),
	(1796,546,546,328,4,9),
	(1797,546,546,343,9,9),
	(1798,546,NULL,344,6,9),
	(1799,546,NULL,345,3,9),
	(1800,546,NULL,346,9,9),
	(1801,546,NULL,347,9,9),
	(1802,546,NULL,643,9,9),
	(1803,546,NULL,649,9,9),
	(1804,546,550,415,9,9),
	(1805,546,546,90,9,9),
	(1806,550,NULL,12,9,9),
	(1807,550,NULL,379,9,9),
	(1809,210,NULL,379,1,1),
	(1810,550,NULL,91,9,9),
	(1811,546,550,331,9,9),
	(1812,79,79,713,2,10),
	(1813,79,79,714,8,10),
	(1814,207,207,69,1,1),
	(1815,546,546,69,9,9),
	(1816,84,NULL,379,10,10),
	(1817,552,NULL,99,9,9),
	(1818,553,553,9,7,9),
	(1819,553,553,715,2,9),
	(1820,554,NULL,12,9,9),
	(1821,554,NULL,14,9,9),
	(1822,552,NULL,100,8,9),
	(1823,552,NULL,717,1,9),
	(1824,552,NULL,101,9,9),
	(1825,552,552,102,9,9),
	(1826,552,552,104,9,9),
	(1827,552,552,106,6,9),
	(1828,552,552,349,2,9),
	(1829,552,552,719,1,9),
	(1830,553,553,351,9,9),
	(1831,553,554,352,9,9),
	(1832,552,554,353,9,9),
	(1833,554,NULL,252,9,9),
	(1834,553,NULL,357,2,9),
	(1835,553,NULL,655,7,9),
	(1836,552,NULL,651,7,9),
	(1837,552,NULL,653,2,9),
	(1838,553,553,304,8,9),
	(1839,553,553,238,1,9),
	(1840,89,NULL,188,10,10),
	(1841,214,NULL,188,1,1),
	(1842,554,NULL,188,8,9),
	(1843,554,NULL,412,1,9),
	(1844,214,NULL,188,1,1),
	(1845,554,NULL,188,8,9),
	(1846,89,NULL,188,10,10),
	(1847,89,87,722,10,10),
	(1848,214,212,721,1,1),
	(1849,554,552,722,6,9),
	(1850,554,552,721,3,9),
	(1851,555,NULL,454,9,9),
	(1852,561,NULL,91,9,9),
	(1853,561,NULL,70,9,9),
	(1854,555,555,109,8,9),
	(1855,555,555,135,1,9),
	(1856,556,556,380,3,9),
	(1857,556,556,143,3,9),
	(1858,556,556,455,3,9),
	(1859,557,558,144,4,9),
	(1860,557,558,110,4,9),
	(1861,557,558,381,1,9),
	(1862,562,NULL,93,9,9),
	(1863,561,555,419,9,9),
	(1864,222,NULL,723,1,1),
	(1865,555,NULL,723,9,9),
	(1866,223,NULL,724,1,1),
	(1867,556,NULL,724,9,9),
	(1868,126,18,730,10,10),
	(1869,563,563,109,8,9),
	(1870,563,563,135,1,9),
	(1871,563,NULL,358,9,9),
	(1872,564,564,137,9,9),
	(1873,565,NULL,138,9,9),
	(1874,563,565,360,1,9),
	(1875,563,565,448,8,9),
	(1876,563,564,731,1,9),
	(1877,563,564,361,4,9),
	(1878,563,564,449,4,9),
	(1880,565,NULL,188,9,9),
	(1881,564,NULL,365,8,9),
	(1882,564,NULL,99,1,9),
	(1883,217,NULL,188,1,1),
	(1884,217,NULL,188,1,1),
	(1885,563,563,363,3,9),
	(1886,563,563,362,6,9),
	(1887,120,NULL,188,10,10),
	(1888,565,NULL,188,9,9),
	(1889,570,NULL,145,9,9),
	(1890,569,570,146,7,9),
	(1891,570,NULL,147,5,9),
	(1892,570,NULL,457,4,9),
	(1893,571,NULL,148,9,9),
	(1894,567,NULL,83,9,9),
	(1895,568,NULL,83,9,9),
	(1896,571,NULL,149,9,9),
	(1897,566,567,150,9,9),
	(1898,570,570,154,9,9),
	(1900,570,NULL,733,8,9),
	(1901,566,567,386,7,9),
	(1902,566,567,387,2,9),
	(1903,566,571,458,8,9),
	(1904,566,571,734,1,9),
	(1905,249,253,151,1,1),
	(1906,133,NULL,733,9,10),
	(1907,128,134,735,7,10),
	(1908,128,134,734,1,10),
	(1909,128,134,458,1,10),
	(1910,585,585,109,9,9),
	(1911,585,586,369,9,9),
	(1912,587,NULL,113,9,9),
	(1913,588,NULL,114,9,9),
	(1914,585,587,116,8,9),
	(1915,585,587,738,1,9),
	(1916,588,584,368,9,9),
	(1917,588,585,370,9,9),
	(1918,585,587,374,4,9),
	(1919,585,587,375,5,9),
	(1921,221,NULL,559,1,1),
	(1922,588,NULL,559,9,9),
	(1923,116,NULL,740,10,10),
	(1924,220,NULL,740,1,1),
	(1925,587,NULL,740,9,9),
	(1926,116,17,741,10,10),
	(1927,220,105,742,1,1),
	(1928,587,584,741,1,9),
	(1929,587,584,742,8,9),
	(1930,221,NULL,114,1,1),
	(1931,117,NULL,114,10,10),
	(1932,588,NULL,114,9,9),
	(1933,221,218,419,1,1),
	(1939,561,581,368,1,9),
	(1940,561,581,730,8,9),
	(1941,561,581,729,1,9),
	(1942,565,582,368,9,9),
	(1943,588,585,419,9,9),
	(1944,117,113,419,7,10),
	(1945,117,113,372,3,10),
	(1947,117,17,748,10,10),
	(1948,221,NULL,494,1,1),
	(1949,588,NULL,494,9,9),
	(1950,117,NULL,12,10,10),
	(1952,595,595,119,1,1),
	(1953,596,596,67,1,1),
	(1954,597,NULL,12,1,1),
	(1955,597,NULL,656,1,1),
	(1956,596,NULL,126,1,1),
	(1961,595,NULL,121,1,1),
	(1963,596,NULL,26,1,1),
	(1971,597,NULL,12,1,1),
	(1972,597,NULL,42,1,1),
	(1973,595,NULL,124,1,1),
	(1974,596,NULL,290,1,1),
	(1975,599,597,293,1,1),
	(1976,595,NULL,286,1,1),
	(1977,596,597,50,1,1),
	(1978,596,597,224,1,1),
	(1979,595,NULL,49,1,1),
	(1980,595,595,128,1,1),
	(1981,596,598,271,1,1),
	(1982,595,595,283,1,1),
	(1983,595,596,659,1,1),
	(1984,596,597,422,1,1),
	(1985,597,598,46,1,1),
	(1986,595,NULL,122,1,1),
	(1987,599,NULL,93,1,1),
	(1988,597,NULL,125,1,1),
	(1989,595,595,292,1,1),
	(1990,595,597,227,1,1),
	(1991,596,596,423,1,1),
	(1992,597,598,610,1,1),
	(1993,596,598,133,1,1),
	(1994,596,597,661,1,1),
	(1995,1,2,659,5,10),
	(1996,1,2,130,5,10),
	(1997,501,501,67,8,8),
	(1998,504,502,293,8,9),
	(1999,501,503,661,2,9),
	(2000,37,39,749,1,1),
	(2001,1,NULL,288,10,10),
	(2002,595,NULL,288,1,1),
	(2003,602,NULL,6,1,1),
	(2004,602,NULL,7,1,1),
	(2005,602,602,9,1,1),
	(2006,604,NULL,11,1,1),
	(2007,605,NULL,12,1,1),
	(2008,605,NULL,14,1,1),
	(2009,606,NULL,17,1,1),
	(2010,606,NULL,93,1,1),
	(2011,603,604,299,1,1),
	(2012,602,605,300,1,1),
	(2013,603,604,303,1,1),
	(2014,602,602,304,1,1),
	(2015,602,603,426,1,1),
	(2016,602,603,663,1,1),
	(2017,43,NULL,10,2,2),
	(2018,602,602,256,1,1),
	(2019,604,NULL,10,1,1),
	(2020,508,NULL,11,4,9),
	(2021,179,NULL,751,1,1),
	(2022,506,NULL,751,9,9),
	(2023,608,608,22,1,1),
	(2024,610,NULL,23,1,1),
	(2025,614,NULL,10,1,1),
	(2026,615,NULL,12,1,1),
	(2027,608,NULL,29,1,1),
	(2028,608,611,30,1,1),
	(2029,608,609,32,1,1),
	(2030,615,NULL,35,1,1),
	(2032,608,609,25,1,1),
	(2033,612,NULL,28,1,1),
	(2034,612,612,67,1,1),
	(2035,612,613,307,1,1),
	(2036,614,614,266,1,1),
	(2037,609,NULL,664,1,1),
	(2038,615,615,432,1,1),
	(2039,612,615,271,1,1),
	(2041,612,615,133,1,1),
	(2042,612,NULL,26,1,1),
	(2043,612,613,269,1,1),
	(2044,615,NULL,264,1,1),
	(2045,612,NULL,435,1,1),
	(2046,607,NULL,627,1,1),
	(2047,615,615,752,1,1),
	(2048,608,611,754,1,1),
	(2049,518,518,306,8,9),
	(2050,518,518,755,1,9),
	(2051,615,615,755,1,1),
	(2052,54,54,492,9,10),
	(2053,54,54,755,1,10),
	(2054,191,191,492,1,1),
	(2055,617,NULL,58,1,1),
	(2056,618,617,229,1,1),
	(2057,617,618,315,1,1),
	(2058,617,617,57,1,1),
	(2060,618,617,442,1,1),
	(2061,617,NULL,322,1,1),
	(2063,617,NULL,436,1,1),
	(2064,618,NULL,634,1,1),
	(2065,617,618,666,1,1),
	(2067,520,521,437,1,9),
	(2068,520,521,439,5,9),
	(2069,617,618,439,1,1),
	(2070,192,193,437,1,1),
	(2071,58,60,438,3,10),
	(2072,58,60,437,2,10),
	(2073,58,60,439,5,10),
	(2075,192,193,631,1,1),
	(2076,58,60,320,4,10),
	(2077,58,60,319,2,10),
	(2078,58,60,321,4,10),
	(2079,520,521,320,3,9),
	(2080,520,521,319,1,9),
	(2081,520,521,321,5,9),
	(2084,520,521,631,1,9),
	(2085,520,521,633,3,9),
	(2086,520,521,632,5,9),
	(2087,617,618,319,1,1),
	(2088,617,618,632,1,1),
	(2090,620,620,65,1,1),
	(2091,623,623,67,1,1),
	(2092,623,NULL,68,1,1),
	(2093,621,622,110,1,1),
	(2094,620,NULL,629,1,1),
	(2095,620,621,323,1,1),
	(2096,623,NULL,325,1,1),
	(2097,623,NULL,26,1,1),
	(2098,623,NULL,126,1,1),
	(2099,623,623,636,1,1),
	(2100,620,623,668,1,1),
	(2101,620,NULL,672,1,1),
	(2102,623,NULL,28,1,1),
	(2103,625,625,69,1,1),
	(2104,626,NULL,70,1,1),
	(2105,625,NULL,71,1,1),
	(2106,625,625,72,1,1),
	(2107,625,625,73,1,1),
	(2108,626,626,80,1,1),
	(2109,625,625,327,1,1),
	(2110,625,625,328,1,1),
	(2111,625,NULL,446,1,1),
	(2112,625,NULL,675,1,1),
	(2113,625,NULL,673,1,1),
	(2114,625,NULL,677,1,1),
	(2115,625,626,413,1,1),
	(2121,72,73,415,10,10),
	(2122,526,527,415,9,9),
	(2123,625,626,415,1,1),
	(2124,632,NULL,678,1,1),
	(2125,632,NULL,681,1,1),
	(2126,632,632,682,1,1),
	(2127,632,NULL,684,1,1),
	(2128,632,NULL,689,1,1),
	(2129,632,629,691,1,1),
	(2130,629,631,611,1,1),
	(2131,632,631,300,1,1),
	(2132,631,NULL,635,1,1),
	(2133,631,NULL,694,1,1),
	(2134,632,631,695,1,1),
	(2135,629,631,698,1,1),
	(2136,632,631,701,1,1),
	(2137,629,630,704,1,1),
	(2138,629,631,707,1,1),
	(2139,632,631,710,1,1),
	(2140,634,634,90,1,1),
	(2141,637,NULL,12,1,1),
	(2142,637,NULL,91,1,1),
	(2143,638,NULL,93,1,1),
	(2144,634,NULL,94,1,1),
	(2145,637,633,95,1,1),
	(2146,634,634,96,1,1),
	(2147,634,634,92,1,1),
	(2148,634,634,342,1,1),
	(2149,634,634,328,1,1),
	(2150,634,NULL,344,1,1),
	(2151,634,NULL,346,1,1),
	(2152,634,NULL,347,1,1),
	(2153,637,633,348,1,1),
	(2154,634,637,331,1,1),
	(2155,634,NULL,642,1,1),
	(2156,634,NULL,647,1,1),
	(2157,634,637,416,1,1),
	(2158,634,634,714,1,1),
	(2159,637,NULL,379,1,1),
	(2161,550,579,95,9,9),
	(2162,550,579,348,9,9),
	(2163,640,NULL,99,1,1),
	(2164,641,641,9,1,1),
	(2165,642,NULL,12,1,1),
	(2166,642,NULL,14,1,1),
	(2167,640,NULL,100,1,1),
	(2168,640,NULL,101,1,1),
	(2169,640,640,102,1,1),
	(2170,640,640,104,1,1),
	(2171,640,640,106,1,1),
	(2172,641,641,350,1,1),
	(2173,641,642,352,1,1),
	(2174,640,642,353,1,1),
	(2175,642,NULL,252,1,1),
	(2176,640,NULL,653,1,1),
	(2177,641,NULL,655,1,1),
	(2178,641,641,305,1,1),
	(2179,642,NULL,188,1,1),
	(2180,642,640,722,1,1),
	(2181,642,NULL,188,1,1),
	(2182,644,644,135,1,1),
	(2183,645,645,760,1,1),
	(2184,646,NULL,138,1,1),
	(2186,644,646,448,1,1),
	(2187,644,645,361,1,1),
	(2188,644,644,362,1,1),
	(2189,645,NULL,364,1,1),
	(2190,646,NULL,188,1,1),
	(2192,646,643,368,1,1),
	(2193,646,NULL,188,1,1),
	(2194,644,NULL,358,1,1),
	(2195,119,119,760,3,10),
	(2196,119,119,761,4,10),
	(2197,216,216,761,1,1),
	(2198,564,564,761,9,9),
	(2199,648,648,109,1,1),
	(2200,650,NULL,113,1,1),
	(2201,651,NULL,114,1,1),
	(2202,648,650,116,1,1),
	(2203,648,649,369,1,1),
	(2204,651,647,368,1,1),
	(2205,651,648,762,1,1),
	(2206,648,650,374,1,1),
	(2207,650,NULL,740,1,1),
	(2208,650,647,741,1,1),
	(2210,651,647,748,1,1),
	(2211,651,NULL,12,1,1),
	(2212,651,NULL,114,1,1),
	(2213,651,NULL,12,1,1),
	(2214,117,113,762,8,10),
	(2215,117,NULL,12,10,10),
	(2216,588,NULL,12,9,9),
	(2217,654,NULL,142,1,1),
	(2218,654,654,143,1,1),
	(2219,655,656,144,1,1),
	(2220,657,NULL,14,1,1),
	(2221,126,NULL,14,10,10),
	(2222,657,NULL,70,1,1),
	(2223,653,NULL,141,1,1),
	(2224,658,NULL,93,1,1),
	(2225,657,653,370,1,1),
	(2226,653,NULL,454,1,1),
	(2227,657,652,730,1,1),
	(2228,657,653,419,1,1),
	(2229,126,121,370,4,10),
	(2230,126,121,762,6,10),
	(2231,653,653,135,1,1),
	(2232,561,555,370,9,9),
	(2233,227,222,370,1,1),
	(2234,663,NULL,145,1,1),
	(2235,662,663,456,1,1),
	(2237,664,NULL,17,1,1),
	(2238,661,NULL,83,1,1),
	(2239,662,NULL,83,1,1),
	(2240,664,NULL,149,1,1),
	(2241,661,662,706,1,1),
	(2242,660,664,152,1,1),
	(2243,663,663,154,1,1),
	(2244,660,661,386,1,1),
	(2245,663,663,390,1,1),
	(2246,663,NULL,385,1,1),
	(2247,660,664,458,1,1),
	(2248,134,NULL,17,1,10),
	(2249,660,661,150,1,1),
	(2250,129,130,705,1,10),
	(2251,129,130,706,9,10),
	(2252,250,251,704,1,1),
	(2253,567,568,704,9,9),
	(2254,566,571,152,9,9),
	(2255,249,253,152,1,1),
	(2256,570,570,390,9,9),
	(2257,252,252,765,1,1),
	(2258,666,NULL,155,1,1),
	(2259,669,NULL,12,1,1),
	(2260,669,NULL,156,1,1),
	(2261,666,666,157,1,1),
	(2262,668,NULL,158,1,1),
	(2263,666,666,159,1,1),
	(2264,668,668,160,1,1),
	(2265,137,138,766,10,10),
	(2266,256,257,767,1,1),
	(2267,345,346,767,5,9),
	(2268,345,346,766,4,9),
	(2269,668,669,766,1,1),
	(2270,669,NULL,395,1,1),
	(2272,667,668,401,1,1),
	(2273,343,NULL,155,4,9),
	(2274,345,NULL,770,2,9),
	(2275,346,346,755,3,9),
	(2277,344,345,401,1,9),
	(2279,138,138,755,10,10),
	(2280,138,138,753,4,10),
	(2281,138,138,752,6,10),
	(2282,669,669,752,1,1),
	(2283,257,257,492,1,1),
	(2288,669,669,755,1,1),
	(2289,675,NULL,163,1,1),
	(2290,671,671,164,1,1),
	(2291,675,670,166,1,1),
	(2292,671,NULL,155,1,1),
	(2294,139,NULL,173,2,10),
	(2295,139,NULL,772,8,10),
	(2296,671,NULL,772,1,1),
	(2298,671,NULL,407,1,1),
	(2299,671,NULL,409,1,1),
	(2300,671,NULL,411,1,1),
	(2301,675,NULL,188,1,1),
	(2302,671,671,584,1,1),
	(2303,350,348,774,9,9),
	(2304,261,258,776,1,1),
	(2305,144,139,777,5,10),
	(2306,144,139,775,5,10),
	(2307,675,671,775,1,1),
	(2308,348,NULL,393,7,9),
	(2309,348,NULL,778,2,9),
	(2310,348,NULL,404,9,9),
	(2311,348,NULL,407,9,9),
	(2312,348,NULL,409,9,9),
	(2313,348,NULL,410,9,9),
	(2314,350,NULL,188,9,9),
	(2315,261,231,779,1,1),
	(2316,144,139,780,10,10),
	(2317,675,671,780,1,1),
	(2318,261,258,780,1,1),
	(2319,350,348,780,9,9),
	(2320,348,NULL,173,9,9),
	(2321,258,NULL,173,1,1),
	(2322,261,NULL,188,1,1),
	(2323,350,NULL,188,6,9),
	(2324,350,NULL,412,4,9),
	(2325,350,347,779,5,9),
	(2326,350,347,166,4,9),
	(2327,671,NULL,405,1,1),
	(2328,675,NULL,188,1,1),
	(2329,144,NULL,188,3,10),
	(2330,43,NULL,785,2,10),
	(2331,181,NULL,785,1,1),
	(2332,508,NULL,785,5,9),
	(2333,187,191,272,1,1),
	(2334,46,NULL,627,1,1),
	(2335,574,NULL,36,1,9),
	(2336,574,NULL,627,8,9),
	(2337,511,514,754,7,9),
	(2338,184,187,754,1,1),
	(2339,47,50,430,2,10),
	(2340,47,50,754,8,10),
	(2341,518,518,492,8,9),
	(2342,48,NULL,267,1,10),
	(2343,48,NULL,664,9,10),
	(2344,54,54,432,5,10),
	(2345,611,615,272,1,1),
	(2346,521,520,441,2,9),
	(2347,521,520,442,7,9),
	(2348,522,NULL,672,2,9),
	(2349,118,120,448,8,10),
	(2350,651,648,419,1,1),
	(2351,570,NULL,385,1,9),
	(2352,132,133,456,1,10),
	(2353,133,NULL,385,1,10),
	(2354,663,NULL,147,1,1),
	(2355,569,570,456,2,9),
	(2356,257,NULL,786,1,1),
	(2357,138,NULL,156,7,10),
	(2358,138,NULL,252,3,10),
	(2359,257,NULL,252,1,1),
	(2360,346,346,752,6,9),
	(2361,346,346,493,6,9),
	(2362,346,NULL,252,9,9),
	(2363,346,NULL,786,9,9),
	(2364,538,538,787,10,10),
	(2365,542,542,788,1,1),
	(2366,534,534,788,9,9),
	(2367,632,632,787,1,1),
	(2368,2,3,749,3,10),
	(2369,501,503,749,7,9),
	(2370,4,NULL,694,1,10),
	(2371,500,NULL,122,5,8),
	(2372,500,500,283,3,8),
	(2373,151,NULL,484,1,10),
	(2374,153,153,221,9,10),
	(2375,153,153,297,1,10),
	(2376,371,NULL,789,1,1),
	(2377,369,369,790,1,1),
	(2378,375,NULL,522,3,9),
	(2379,375,NULL,789,4,9),
	(2380,154,NULL,789,10,10),
	(2381,152,152,790,8,10),
	(2382,152,152,485,2,10),
	(2383,677,NULL,197,1,1),
	(2384,677,NULL,198,1,1),
	(2385,680,NULL,217,1,1),
	(2386,677,NULL,200,1,1),
	(2387,677,NULL,201,1,1),
	(2388,677,677,202,1,1),
	(2389,154,151,793,10,10),
	(2390,371,368,793,1,1),
	(2391,375,372,793,9,9),
	(2392,680,677,793,1,1),
	(2393,678,NULL,206,1,1),
	(2394,680,NULL,208,1,1),
	(2395,680,NULL,209,1,1),
	(2396,677,680,482,1,1),
	(2397,680,NULL,483,1,1),
	(2398,680,NULL,188,1,1),
	(2399,679,679,221,1,1),
	(2400,678,678,486,1,1),
	(2401,154,NULL,217,3,10),
	(2402,678,678,794,1,1),
	(2403,682,NULL,178,1,1),
	(2404,682,682,179,1,1),
	(2405,682,NULL,180,1,1),
	(2406,682,NULL,181,1,1),
	(2407,682,NULL,182,1,1),
	(2408,683,NULL,183,1,1),
	(2409,685,NULL,184,1,1),
	(2410,685,685,185,1,1),
	(2411,685,NULL,186,1,1),
	(2412,687,NULL,12,1,1),
	(2413,684,NULL,187,1,1),
	(2414,687,NULL,188,1,1),
	(2415,684,NULL,189,1,1),
	(2416,683,NULL,190,1,1),
	(2417,687,687,191,1,1),
	(2418,682,682,192,1,1),
	(2419,682,682,193,1,1),
	(2420,683,683,194,1,1),
	(2421,685,685,455,1,1),
	(2422,686,685,459,1,1),
	(2423,686,NULL,460,1,1),
	(2424,686,NULL,461,1,1),
	(2425,682,683,464,1,1),
	(2426,265,NULL,795,1,1),
	(2427,149,NULL,796,2,10),
	(2428,149,NULL,797,8,10),
	(2429,686,NULL,797,1,1),
	(2430,691,NULL,126,1,1),
	(2431,691,NULL,510,1,1),
	(2432,691,691,67,1,1),
	(2433,691,NULL,512,1,1),
	(2434,689,691,517,1,1),
	(2435,690,691,518,1,1),
	(2436,691,692,519,1,1),
	(2437,692,693,110,1,1),
	(2438,693,694,110,1,1),
	(2439,695,NULL,12,1,1),
	(2441,691,695,523,1,1),
	(2442,696,NULL,93,1,1),
	(2443,696,NULL,17,1,1),
	(2444,696,NULL,526,1,1),
	(2445,410,NULL,376,10,10),
	(2447,410,NULL,43,10,10),
	(2448,419,NULL,694,1,1),
	(2449,429,NULL,694,8,8),
	(2450,695,NULL,43,1,1),
	(2451,410,28,798,10,10),
	(2452,419,239,368,1,1),
	(2453,429,402,368,8,8),
	(2454,695,688,798,1,1),
	(2455,414,NULL,510,1,1),
	(2456,424,NULL,510,8,8),
	(2457,420,NULL,16,1,1),
	(2458,419,NULL,12,1,1),
	(2459,410,NULL,12,10,10),
	(2460,424,NULL,126,8,8),
	(2461,429,NULL,376,8,8),
	(2462,695,NULL,376,1,1),
	(2463,410,NULL,522,3,10),
	(2464,695,NULL,379,1,1),
	(2465,698,NULL,210,1,1),
	(2466,698,698,211,1,1),
	(2467,698,NULL,212,1,1),
	(2468,700,701,214,1,1),
	(2469,700,700,216,1,1),
	(2470,701,NULL,218,1,1),
	(2471,698,698,219,1,1),
	(2472,698,698,237,1,1),
	(2473,700,700,297,1,1),
	(2474,698,698,467,1,1),
	(2475,699,700,470,1,1),
	(2476,701,701,474,1,1),
	(2477,698,NULL,231,1,1),
	(2478,701,NULL,336,1,1),
	(2479,701,698,476,1,1),
	(2480,698,NULL,201,1,1),
	(2481,359,NULL,799,1,1),
	(2482,155,NULL,800,10,10),
	(2483,363,NULL,800,9,9),
	(2484,698,NULL,800,1,1),
	(2485,361,361,216,1,1),
	(2488,359,359,237,1,1),
	(2489,362,NULL,12,1,1),
	(2490,155,156,479,10,10),
	(2491,155,155,237,10,10),
	(2493,158,NULL,12,4,10),
	(2494,158,NULL,336,6,10),
	(2495,363,NULL,231,6,9),
	(2496,365,365,216,9,9),
	(2497,363,363,213,9,9),
	(2498,363,363,237,9,9),
	(2500,158,NULL,612,6,10),
	(2501,698,699,479,1,1),
	(2502,701,NULL,12,1,1),
	(2503,363,363,801,9,9),
	(2504,384,NULL,745,1,9),
	(2505,703,NULL,242,1,1),
	(2506,703,NULL,198,1,1),
	(2507,704,705,244,1,1),
	(2508,703,704,245,1,1),
	(2509,708,705,246,1,1),
	(2510,708,708,306,1,1),
	(2511,172,NULL,802,10,10),
	(2512,172,NULL,495,10,10),
	(2515,172,172,306,7,10),
	(2516,172,172,752,3,10),
	(2517,708,708,492,1,1),
	(2518,708,NULL,494,1,1),
	(2519,708,NULL,495,1,1),
	(2520,710,NULL,248,1,1),
	(2522,711,NULL,250,1,1),
	(2523,710,NULL,235,1,1),
	(2524,711,711,251,1,1),
	(2525,713,NULL,252,1,1),
	(2526,710,711,254,1,1),
	(2527,710,NULL,247,1,1),
	(2528,711,711,185,1,1),
	(2529,713,NULL,42,1,1),
	(2530,710,NULL,236,1,1),
	(2531,712,NULL,503,1,1),
	(2532,710,710,469,1,1),
	(2533,392,NULL,804,1,1),
	(2534,711,711,805,1,1),
	(2536,710,NULL,212,1,1),
	(2537,391,NULL,212,1,1),
	(2538,398,NULL,804,5,9),
	(2539,397,NULL,212,5,9),
	(2540,392,392,805,1,1),
	(2541,398,398,805,7,9),
	(2542,398,398,185,9,9),
	(2543,401,NULL,42,9,9),
	(2544,397,398,501,9,9),
	(2545,397,NULL,236,9,9),
	(2546,399,NULL,502,5,9),
	(2547,399,NULL,503,4,9),
	(2548,397,397,468,9,9),
	(2549,715,NULL,564,1,1),
	(2550,715,NULL,565,1,1),
	(2551,716,NULL,567,1,1),
	(2552,716,717,570,1,1),
	(2553,717,NULL,806,1,1),
	(2554,718,NULL,12,1,1),
	(2555,718,NULL,91,1,1),
	(2556,719,NULL,93,1,1),
	(2557,719,NULL,17,1,1),
	(2558,715,716,578,1,1),
	(2559,447,451,272,10,10),
	(2560,461,NULL,91,7,9),
	(2561,453,NULL,556,1,1),
	(2562,456,NULL,376,1,1),
	(2563,458,NULL,556,9,9),
	(2564,461,NULL,12,9,9),
	(2565,447,NULL,554,10,10),
	(2566,451,NULL,376,10,10),
	(2567,453,NULL,581,1,1),
	(2568,456,NULL,91,1,1),
	(2569,458,NULL,577,9,9),
	(2570,447,NULL,807,10,10),
	(2571,715,NULL,807,1,1),
	(2572,715,NULL,554,1,1),
	(2573,451,NULL,91,9,10),
	(2574,451,NULL,217,1,10),
	(2575,449,NULL,806,2,10),
	(2576,718,NULL,379,1,1),
	(2577,715,718,272,1,1),
	(2578,718,NULL,376,1,1),
	(2579,460,NULL,806,2,9),
	(2580,721,NULL,527,1,1),
	(2581,721,NULL,528,1,1),
	(2582,721,722,530,1,1),
	(2583,721,722,533,1,1),
	(2584,722,NULL,535,1,1),
	(2585,722,722,538,1,1),
	(2586,723,NULL,539,1,1),
	(2587,723,NULL,540,1,1),
	(2588,723,722,543,1,1),
	(2589,724,721,545,1,1),
	(2590,724,NULL,335,1,1),
	(2592,721,724,272,1,1),
	(2593,721,NULL,556,1,1),
	(2595,442,442,538,1,9),
	(2596,444,NULL,12,3,9),
	(2597,444,NULL,336,5,9),
	(2598,724,NULL,546,1,1),
	(2599,726,NULL,230,1,1),
	(2600,726,NULL,231,1,1),
	(2601,731,NULL,232,1,1),
	(2602,732,NULL,12,1,1),
	(2603,726,NULL,233,1,1),
	(2604,726,NULL,234,1,1),
	(2605,733,NULL,93,1,1),
	(2606,727,NULL,83,1,1),
	(2607,726,NULL,235,1,1),
	(2608,726,NULL,236,1,1),
	(2609,726,NULL,201,1,1),
	(2610,726,726,237,1,1),
	(2611,731,NULL,239,1,1),
	(2612,726,726,202,1,1),
	(2613,726,726,240,1,1),
	(2614,733,726,617,1,1),
	(2615,731,731,238,1,1),
	(2617,732,726,623,1,1),
	(2618,492,492,240,9,9),
	(2619,492,NULL,230,9,9),
	(2620,492,NULL,231,4,9),
	(2621,492,NULL,475,3,9),
	(2622,492,NULL,808,2,9),
	(2623,496,NULL,232,9,9),
	(2624,497,NULL,12,8,9),
	(2625,497,NULL,559,1,9),
	(2626,492,NULL,233,9,9),
	(2627,492,NULL,234,9,9),
	(2628,498,NULL,93,9,9),
	(2629,493,NULL,83,9,9),
	(2630,492,NULL,235,9,9),
	(2631,492,NULL,236,9,9),
	(2632,492,NULL,201,9,9),
	(2633,492,492,211,9,9),
	(2634,496,NULL,239,9,9),
	(2635,492,492,202,9,9),
	(2636,498,492,617,9,9),
	(2637,496,496,304,8,9),
	(2638,496,496,238,1,9),
	(2639,496,497,696,7,8),
	(2640,496,497,695,1,8),
	(2641,497,492,621,1,8),
	(2642,497,492,623,1,8),
	(2643,159,NULL,809,9,10),
	(2644,159,NULL,810,1,10),
	(2645,726,NULL,809,1,1),
	(2646,484,NULL,810,1,1),
	(2647,492,NULL,810,9,9),
	(2648,162,163,812,7,10),
	(2649,162,163,811,2,10),
	(2650,162,163,813,1,10),
	(2651,487,488,811,1,1),
	(2652,495,496,811,9,9),
	(2653,730,731,812,1,1),
	(2654,163,163,716,10,10),
	(2655,731,731,716,1,1),
	(2656,488,488,9,1,1),
	(2657,496,496,9,9,9),
	(2658,484,484,237,1,1),
	(2659,492,492,237,9,9),
	(2660,159,159,211,10,10),
	(2661,726,726,211,1,1),
	(2662,484,NULL,201,1,1),
	(2663,497,492,622,1,9),
	(2664,488,489,696,1,1),
	(2665,163,164,696,9,10),
	(2666,163,164,697,1,10),
	(2667,731,732,696,1,1),
	(2668,163,163,305,1,10),
	(2669,737,737,583,1,1),
	(2670,737,737,421,1,1),
	(2671,737,NULL,586,1,1),
	(2673,738,738,593,1,1),
	(2674,738,738,595,1,1),
	(2675,738,738,598,1,1),
	(2676,738,NULL,602,1,1),
	(2677,738,738,604,1,1),
	(2678,738,739,606,1,1),
	(2679,739,740,144,1,1),
	(2680,741,742,611,1,1),
	(2681,742,NULL,12,1,1),
	(2682,742,738,614,1,1),
	(2683,742,NULL,553,1,1),
	(2684,471,471,159,1,1),
	(2685,475,476,611,1,1),
	(2686,465,NULL,814,10,10),
	(2687,470,32,368,9,10),
	(2688,470,32,730,1,10),
	(2689,476,245,368,1,1),
	(2690,483,477,368,9,10),
	(2691,742,736,368,1,1),
	(2692,478,478,421,10,10),
	(2693,482,483,610,5,10),
	(2694,482,483,611,5,10),
	(2695,737,NULL,814,1,1),
	(2696,737,738,590,1,1),
	(2697,478,478,159,7,10),
	(2698,747,748,498,3,10),
	(2699,747,748,497,6,10),
	(2700,747,748,244,1,10),
	(2701,754,755,498,1,1),
	(2702,761,762,498,1,1),
	(2703,767,768,498,1,7),
	(2704,767,768,244,1,7),
	(2705,767,768,497,5,7),
	(2706,747,748,815,10,10),
	(2707,754,755,815,1,1),
	(2708,761,762,815,1,1),
	(2709,767,768,815,5,7),
	(2710,767,768,816,1,7),
	(2711,767,768,817,1,7),
	(2712,747,747,818,10,10),
	(2713,761,762,818,1,1),
	(2714,767,768,818,5,7),
	(2715,767,768,819,1,7),
	(2716,767,768,820,1,7),
	(2717,754,755,818,1,1),
	(2718,748,NULL,824,1,10),
	(2719,748,NULL,821,1,10),
	(2720,748,NULL,822,8,10),
	(2721,762,NULL,821,1,1),
	(2722,768,NULL,821,6,7),
	(2723,768,NULL,822,1,7),
	(2724,755,NULL,821,1,1),
	(2725,747,753,826,10,10),
	(2726,761,766,826,1,1),
	(2727,767,773,826,2,7),
	(2728,767,773,825,5,7),
	(2729,754,760,826,1,1),
	(2730,749,750,828,1,10),
	(2731,749,750,829,4,10),
	(2732,749,750,830,1,10),
	(2733,763,764,830,1,1),
	(2734,769,770,830,1,7),
	(2735,769,770,829,5,7),
	(2736,769,770,828,1,7),
	(2737,756,757,830,1,1),
	(2738,753,NULL,188,10,10),
	(2739,760,NULL,188,1,1),
	(2740,766,NULL,188,1,1),
	(2741,773,NULL,188,6,7),
	(2742,773,NULL,412,1,7),
	(2743,753,NULL,12,2,10),
	(2744,753,NULL,335,5,10),
	(2745,753,NULL,336,3,10),
	(2746,760,NULL,335,1,1),
	(2747,766,NULL,335,1,1),
	(2748,773,NULL,335,5,7),
	(2749,773,NULL,336,2,7),
	(2750,766,NULL,831,1,1),
	(2751,753,NULL,833,10,10),
	(2752,773,NULL,832,3,7),
	(2753,773,NULL,833,3,7),
	(2754,773,NULL,831,3,7),
	(2755,760,NULL,833,1,1),
	(2756,749,750,835,8,10),
	(2757,749,750,834,1,10),
	(2758,749,750,836,1,10),
	(2759,763,764,835,1,1),
	(2760,769,770,835,6,7),
	(2761,769,770,834,1,7),
	(2762,756,757,835,1,1),
	(2763,749,753,837,10,10),
	(2764,756,760,837,1,1),
	(2765,763,766,839,1,1),
	(2766,769,773,838,3,7),
	(2767,769,773,837,4,7),
	(2768,748,749,841,6,10),
	(2769,748,749,842,4,10),
	(2770,762,763,841,1,1),
	(2771,755,756,841,1,1),
	(2772,768,769,842,2,7),
	(2773,768,769,841,5,7),
	(2774,749,750,844,9,10),
	(2775,749,750,843,1,10),
	(2776,763,764,844,1,1),
	(2777,769,770,844,4,7),
	(2778,769,770,845,3,7),
	(2779,756,757,844,1,1),
	(2780,764,765,843,1,1),
	(2781,770,771,845,4,7),
	(2782,770,771,844,3,7),
	(2783,750,751,843,5,10),
	(2784,750,751,844,5,10),
	(2785,774,NULL,846,10,10),
	(2786,808,NULL,846,1,1),
	(2787,823,NULL,846,7,7),
	(2788,790,NULL,846,1,1),
	(2789,774,NULL,847,10,10),
	(2790,808,NULL,848,1,1),
	(2791,823,NULL,848,7,7),
	(2792,790,NULL,847,1,1),
	(2793,774,774,849,10,10),
	(2794,808,808,849,1,1),
	(2795,823,823,849,7,7),
	(2796,790,790,849,1,1),
	(2797,774,NULL,852,10,10),
	(2798,808,NULL,852,1,1),
	(2799,823,NULL,852,7,7),
	(2800,790,NULL,852,1,1),
	(2801,774,NULL,855,10,10),
	(2802,808,NULL,857,1,1),
	(2803,823,NULL,857,2,7),
	(2804,823,NULL,855,5,7),
	(2805,774,774,859,10,10),
	(2806,790,790,859,1,1),
	(2807,808,808,859,1,1),
	(2808,823,823,859,7,7),
	(2809,774,775,860,10,10),
	(2810,808,809,860,1,1),
	(2811,823,824,860,7,7),
	(2812,790,791,860,1,1),
	(2813,775,NULL,28,10,10),
	(2814,809,NULL,28,1,1),
	(2815,824,NULL,28,7,7),
	(2816,791,NULL,28,1,1),
	(2817,775,NULL,26,10,10),
	(2818,809,NULL,26,1,1),
	(2819,824,NULL,26,7,7),
	(2820,791,NULL,26,1,1),
	(2821,775,775,127,10,10),
	(2822,809,809,127,1,1),
	(2823,824,824,127,7,7),
	(2824,791,791,127,1,1),
	(2825,775,NULL,864,10,10),
	(2826,791,NULL,864,1,1),
	(2827,809,NULL,863,1,1),
	(2828,824,NULL,863,7,7),
	(2829,777,NULL,868,10,10),
	(2830,810,NULL,869,1,1),
	(2831,825,NULL,869,7,7),
	(2832,793,NULL,868,7,1),
	(2833,780,NULL,10,10,10),
	(2834,813,NULL,870,1,1),
	(2835,827,NULL,870,7,7),
	(2836,796,NULL,10,1,1),
	(2837,781,NULL,871,10,10),
	(2838,814,NULL,872,1,1),
	(2839,828,NULL,872,6,7),
	(2840,797,NULL,871,1,1),
	(2841,782,782,873,10,10),
	(2842,815,815,875,1,1),
	(2843,829,829,873,2,7),
	(2844,829,829,874,5,7),
	(2845,798,798,873,1,1),
	(2846,783,NULL,876,10,10),
	(2847,799,NULL,876,1,1),
	(2848,816,NULL,878,1,1),
	(2849,830,NULL,876,3,7),
	(2850,830,NULL,878,4,7),
	(2851,784,NULL,881,9,10),
	(2852,784,NULL,880,1,10),
	(2853,817,NULL,880,1,1),
	(2854,800,NULL,881,1,1),
	(2855,831,NULL,881,4,7),
	(2856,831,NULL,879,1,7),
	(2857,831,NULL,880,2,7),
	(2858,811,NULL,884,1,1),
	(2859,776,NULL,883,10,10),
	(2860,792,NULL,883,1,1),
	(2861,790,NULL,855,1,1),
	(2862,838,NULL,888,10,10),
	(2863,843,NULL,888,1,1),
	(2864,851,NULL,888,1,1),
	(2865,847,NULL,888,9,9),
	(2866,838,838,890,10,10),
	(2867,843,843,891,1,1),
	(2868,851,851,890,1,1),
	(2869,847,847,891,1,9),
	(2870,847,847,890,8,9),
	(2871,838,NULL,894,10,10),
	(2872,843,NULL,894,1,1),
	(2873,851,NULL,894,1,1),
	(2874,847,NULL,894,9,9),
	(2875,838,838,154,10,10),
	(2876,843,843,154,1,1),
	(2877,851,851,154,1,1),
	(2878,847,847,154,9,9),
	(2879,838,838,897,10,10),
	(2880,843,843,897,1,1),
	(2881,851,851,897,1,1),
	(2882,847,847,897,9,9),
	(2883,838,838,898,10,10),
	(2884,843,843,898,1,1),
	(2885,851,851,898,1,1),
	(2886,847,847,898,9,9),
	(2887,838,NULL,900,10,10),
	(2888,838,NULL,905,10,10),
	(2889,843,NULL,905,1,1),
	(2890,843,NULL,900,1,1),
	(2891,851,NULL,900,1,1),
	(2892,851,NULL,905,1,1),
	(2893,847,NULL,900,9,9),
	(2894,847,NULL,905,9,9),
	(2895,838,838,906,10,10),
	(2896,843,843,906,1,1),
	(2897,851,851,906,1,1),
	(2898,847,847,906,9,9),
	(2899,838,NULL,909,4,10),
	(2900,838,NULL,910,6,10),
	(2901,843,NULL,909,1,1),
	(2902,851,NULL,909,1,1),
	(2903,847,NULL,909,9,9),
	(2904,838,NULL,913,10,10),
	(2905,843,NULL,913,1,1),
	(2906,851,NULL,913,1,1),
	(2907,847,NULL,913,9,9),
	(2908,838,NULL,916,5,10),
	(2909,838,NULL,917,3,10),
	(2910,838,NULL,915,2,10),
	(2911,843,NULL,916,1,1),
	(2912,851,NULL,916,1,1),
	(2913,847,NULL,915,1,9),
	(2914,847,NULL,916,8,9),
	(2915,838,839,919,9,10),
	(2916,838,839,920,1,10),
	(2917,843,844,919,1,1),
	(2918,851,852,919,1,1),
	(2919,847,848,919,6,6),
	(2920,838,NULL,924,10,10),
	(2921,843,NULL,924,1,1),
	(2922,851,NULL,924,1,1),
	(2923,847,NULL,922,3,9),
	(2924,847,NULL,924,6,9),
	(2925,838,838,925,6,10),
	(2926,838,838,927,4,10),
	(2927,843,843,925,1,1),
	(2928,851,851,925,1,1),
	(2929,847,847,925,9,9),
	(2930,840,NULL,928,10,10),
	(2931,845,NULL,929,1,1),
	(2932,853,NULL,928,1,1),
	(2933,849,NULL,929,9,9),
	(2934,842,NULL,42,10,10),
	(2935,842,NULL,694,10,10),
	(2936,846,NULL,42,1,1),
	(2937,846,NULL,694,1,1),
	(2938,855,NULL,42,1,1),
	(2939,855,NULL,694,1,1),
	(2940,850,NULL,42,9,9),
	(2941,850,NULL,694,9,9),
	(2942,842,842,753,7,10),
	(2943,842,842,306,2,10),
	(2944,842,842,752,1,10),
	(2945,846,846,753,1,1),
	(2946,855,855,306,1,1),
	(2947,850,850,753,9,9),
	(2948,842,842,930,7,10),
	(2949,842,842,931,3,10),
	(2950,846,846,930,1,1),
	(2952,850,850,930,9,9),
	(2953,855,855,931,1,1),
	(2954,842,NULL,188,10,10),
	(2955,846,NULL,188,1,1),
	(2956,855,NULL,188,1,1),
	(2957,850,NULL,188,9,9),
	(2958,842,NULL,546,3,10),
	(2959,842,NULL,933,3,10),
	(2960,842,NULL,934,4,10),
	(2961,846,NULL,933,1,1),
	(2962,855,NULL,934,1,1),
	(2963,850,NULL,933,1,9),
	(2964,850,NULL,546,8,9),
	(2965,838,842,935,3,10),
	(2966,838,842,937,1,10),
	(2967,838,842,936,6,10),
	(2968,843,846,936,1,1),
	(2969,851,855,935,1,1),
	(2970,847,850,937,1,9),
	(2971,847,850,935,2,9),
	(2972,842,842,492,10,10),
	(2973,846,846,492,1,1),
	(2974,855,855,492,1,1),
	(2975,850,850,492,9,9),
	(2976,860,NULL,640,9,9),
	(2977,870,NULL,640,1,1),
	(2978,878,NULL,640,9,9),
	(2979,887,NULL,640,1,1),
	(2980,860,860,72,1,9),
	(2981,860,860,938,8,9),
	(2982,870,870,938,1,1),
	(2983,887,887,938,1,1),
	(2984,860,860,92,8,8),
	(2985,870,870,92,1,1),
	(2986,878,878,92,9,9),
	(2987,887,887,92,1,1),
	(2988,860,860,328,8,9),
	(2989,860,860,445,1,9),
	(2990,860,860,327,9,9),
	(2991,870,870,326,1,1),
	(2992,870,870,328,1,1),
	(2993,878,878,327,7,9),
	(2994,878,878,326,2,9),
	(2995,878,878,328,7,9),
	(2996,878,878,445,2,9),
	(2997,887,887,327,1,1),
	(2998,887,887,328,1,1),
	(2999,860,860,90,9,9),
	(3000,870,870,90,1,1),
	(3001,878,878,90,7,9),
	(3002,878,878,940,2,9),
	(3003,887,887,90,1,1),
	(3004,860,NULL,943,9,9),
	(3005,870,NULL,941,1,1),
	(3006,878,NULL,944,1,9),
	(3007,878,NULL,941,4,9),
	(3008,878,NULL,943,4,9),
	(3009,887,NULL,943,1,1),
	(3010,860,NULL,947,9,9),
	(3011,870,NULL,947,1,1),
	(3012,878,NULL,947,8,9),
	(3013,878,NULL,948,1,9),
	(3014,887,NULL,947,1,1),
	(3015,860,NULL,950,6,9),
	(3016,860,NULL,951,3,9),
	(3017,870,NULL,951,1,1),
	(3018,878,NULL,951,4,9),
	(3019,878,NULL,953,1,9),
	(3020,878,NULL,950,4,9),
	(3021,887,NULL,950,1,1),
	(3022,860,NULL,673,9,9),
	(3023,870,NULL,675,1,1),
	(3024,887,NULL,675,1,1),
	(3025,878,NULL,675,2,9),
	(3026,878,NULL,676,6,9),
	(3027,878,NULL,955,1,9),
	(3028,860,861,956,1,9),
	(3029,860,861,958,8,9),
	(3030,870,871,958,1,1),
	(3031,878,879,958,1,9),
	(3032,878,879,956,8,9),
	(3033,887,888,958,1,1),
	(3034,862,861,959,9,9),
	(3035,872,871,960,1,1),
	(3036,880,879,960,3,9),
	(3037,880,879,959,6,9),
	(3038,889,888,959,1,1),
	(3039,860,862,961,9,9),
	(3040,870,872,961,1,1),
	(3041,878,880,962,3,9),
	(3042,878,880,961,6,9),
	(3043,887,889,961,1,1),
	(3044,860,862,966,4,9),
	(3045,860,862,964,4,9),
	(3046,860,862,967,1,9),
	(3047,870,872,965,1,1),
	(3048,878,880,967,5,9),
	(3049,878,880,965,3,9),
	(3050,878,880,966,2,9),
	(3051,887,889,964,1,1),
	(3052,860,862,971,1,9),
	(3053,860,862,970,8,9),
	(3054,870,872,969,1,1),
	(3055,878,880,970,5,9),
	(3056,878,880,971,1,9),
	(3057,878,880,969,3,9),
	(3058,887,889,970,1,1),
	(3059,862,863,704,9,9),
	(3060,872,873,704,1,1),
	(3061,889,890,144,1,1),
	(3062,880,881,144,9,9),
	(3063,872,873,144,1,1),
	(3064,862,863,144,9,9),
	(3065,863,864,144,9,9),
	(3066,873,874,705,1,1),
	(3068,881,882,706,1,9),
	(3069,881,882,704,7,9),
	(3070,881,882,705,1,9),
	(3071,890,891,704,1,1),
	(3072,864,865,110,9,9),
	(3073,891,892,110,1,1),
	(3074,882,883,110,8,9),
	(3075,882,883,144,1,9),
	(3076,869,NULL,974,3,4),
	(3077,869,NULL,972,1,4),
	(3078,877,NULL,973,1,1),
	(3079,886,NULL,973,9,9),
	(3080,868,868,306,9,9),
	(3081,895,895,306,1,1),
	(3082,876,876,752,1,1),
	(3083,885,885,306,7,9),
	(3084,885,885,753,1,9),
	(3085,885,885,493,1,9),
	(3086,861,868,312,9,9),
	(3087,861,868,976,4,9),
	(3088,861,868,975,5,9),
	(3089,871,876,312,1,1),
	(3090,871,876,975,1,1),
	(3091,879,885,272,7,9),
	(3092,879,885,312,2,9),
	(3093,879,885,976,3,9),
	(3094,879,885,975,6,9),
	(3095,888,895,312,1,1),
	(3096,888,895,976,1,1),
	(3097,868,NULL,802,6,9),
	(3098,868,NULL,494,1,9),
	(3099,868,NULL,803,2,9),
	(3100,876,NULL,494,1,1),
	(3101,885,NULL,494,7,9),
	(3102,885,NULL,802,2,9),
	(3103,895,NULL,802,1,1),
	(3104,868,NULL,656,9,9),
	(3105,895,NULL,656,1,1),
	(3106,876,NULL,978,1,1),
	(3107,885,NULL,978,4,9),
	(3108,885,NULL,656,5,9),
	(3109,870,NULL,673,1,1),
	(3110,878,NULL,673,8,9),
	(3111,887,NULL,673,1,1),
	(3112,860,NULL,675,5,9),
	(3113,860,NULL,676,4,9),
	(3114,878,878,938,9,9),
	(3115,895,895,493,1,1),
	(3116,868,868,492,7,9),
	(3117,868,868,493,1,9),
	(3118,868,868,755,1,9),
	(3119,876,876,755,1,1),
	(3120,885,885,755,1,9),
	(3121,885,885,492,7,9),
	(3122,868,868,752,1,9),
	(3123,897,NULL,979,1,1),
	(3124,908,NULL,979,10,10),
	(3125,917,NULL,979,1,9),
	(3126,925,NULL,979,1,1),
	(3127,917,NULL,980,8,9),
	(3128,908,908,982,8,10),
	(3129,908,908,984,2,10),
	(3130,897,897,981,1,1),
	(3131,917,917,983,9,9),
	(3132,925,925,982,1,1),
	(3133,908,908,22,10,10),
	(3134,897,897,22,1,1),
	(3135,917,917,22,9,9),
	(3136,925,925,22,1,1),
	(3137,908,909,986,10,10),
	(3138,925,926,986,1,1),
	(3139,897,898,986,1,1),
	(3140,917,918,985,3,9),
	(3141,917,918,986,6,9),
	(3142,908,NULL,988,3,10),
	(3143,908,NULL,989,7,10),
	(3144,897,NULL,989,1,1),
	(3145,917,NULL,989,9,9),
	(3146,925,NULL,989,1,1),
	(3147,909,NULL,992,1,10),
	(3148,909,NULL,991,9,10),
	(3149,926,NULL,991,1,1),
	(3150,898,NULL,993,1,1),
	(3151,918,NULL,991,3,9),
	(3152,918,NULL,992,3,9),
	(3153,918,NULL,993,3,9),
	(3154,898,NULL,994,1,1),
	(3155,909,NULL,995,10,10),
	(3156,918,NULL,994,9,9),
	(3157,926,NULL,995,1,1),
	(3158,909,NULL,997,10,10),
	(3159,898,NULL,997,1,1),
	(3160,918,NULL,997,9,9),
	(3161,926,NULL,997,1,1),
	(3162,909,NULL,1001,10,10),
	(3163,898,NULL,1000,1,1),
	(3164,918,NULL,1001,9,9),
	(3165,926,NULL,1001,1,1),
	(3166,899,899,794,1,1),
	(3167,919,919,794,8,9),
	(3168,919,919,1002,1,9),
	(3169,900,NULL,1003,1,1),
	(3170,920,NULL,1003,9,9),
	(3171,900,899,1005,1,1),
	(3172,920,919,1005,8,9),
	(3173,920,920,1006,1,9),
	(3174,901,924,1007,1,1),
	(3175,922,923,1007,9,9),
	(3176,924,924,1010,1,1),
	(3177,923,923,1010,8,9),
	(3178,923,923,1011,1,9),
	(3179,924,NULL,1012,1,1),
	(3180,923,NULL,1012,9,9),
	(3181,916,NULL,42,10,10),
	(3182,934,NULL,42,1,1),
	(3183,916,NULL,694,10,10),
	(3184,934,NULL,694,1,1),
	(3185,934,NULL,188,1,1),
	(3186,916,NULL,188,10,10),
	(3187,908,913,1015,10,10),
	(3188,925,930,1015,1,1),
	(3189,924,NULL,1018,1,1),
	(3190,923,NULL,1018,6,9),
	(3191,923,NULL,1019,3,9),
	(3192,885,885,752,1,9),
	(3194,713,NULL,199,1,1),
	(3195,177,NULL,199,5,10),
	(3196,710,711,1022,1,1),
	(3197,174,175,1022,4,10),
	(3198,174,175,1021,6,10),
	(3199,391,392,1022,1,1),
	(3200,397,398,1022,7,9),
	(3201,397,398,1020,2,9),
	(3202,172,26,747,10,10),
	(3203,708,702,747,1,1),
	(3206,169,170,110,10,10),
	(3207,380,935,144,1,1),
	(3208,387,939,144,8,9),
	(3209,387,939,381,1,9),
	(3211,170,171,110,10,10),
	(3212,935,936,144,1,1),
	(3213,939,940,144,9,9),
	(3214,706,707,110,1,1),
	(3215,938,379,246,1,1),
	(3216,938,938,493,1,1),
	(3217,938,NULL,495,1,1),
	(3218,938,938,752,1,1),
	(3219,938,237,748,1,1),
	(3220,172,NULL,1025,10,10),
	(3221,938,NULL,1024,1,1),
	(3222,942,NULL,1024,9,9),
	(3223,708,NULL,1025,1,1),
	(3224,708,NULL,802,1,1),
	(3225,938,NULL,802,1,1),
	(3226,942,386,499,4,9),
	(3227,942,386,246,5,9),
	(3228,942,942,493,5,9),
	(3229,942,942,492,3,9),
	(3230,942,942,755,1,9),
	(3231,942,NULL,495,9,9),
	(3232,942,942,752,7,9),
	(3233,942,942,753,1,9),
	(3234,942,942,306,1,9),
	(3235,942,376,748,9,9),
	(3236,942,NULL,802,9,9),
	(3237,947,947,1026,1,1),
	(3238,947,948,1029,1,1),
	(3240,949,949,719,1,1),
	(3241,949,NULL,1032,1,1),
	(3242,949,949,1035,1,1),
	(3243,949,NULL,99,1,1),
	(3244,949,NULL,651,1,1),
	(3245,949,950,1038,1,1),
	(3246,950,NULL,1041,1,1),
	(3247,950,NULL,1044,1,1),
	(3248,950,950,1047,1,1),
	(3249,950,950,1049,1,1),
	(3250,951,947,1057,1,1),
	(3251,951,949,1052,1,1),
	(3252,951,NULL,42,1,1),
	(3253,951,951,753,1,1),
	(3254,951,NULL,1058,1,1),
	(3255,951,NULL,14,1,1),
	(3256,951,949,1059,1,1),
	(3257,949,950,1063,1,1),
	(3258,950,NULL,1065,1,1),
	(3259,947,949,1068,1,1),
	(3260,947,947,1071,1,1),
	(3261,952,952,1026,8,9),
	(3262,952,952,1027,1,9),
	(3263,952,953,1029,6,9),
	(3264,952,953,1030,1,9),
	(3265,952,953,1031,2,9),
	(3266,954,954,106,1,9),
	(3267,954,954,719,8,9),
	(3268,954,NULL,1032,9,9),
	(3269,954,954,1036,3,9),
	(3270,954,954,1074,3,9),
	(3271,954,954,1035,3,9),
	(3272,954,NULL,99,9,9),
	(3273,954,NULL,653,5,9),
	(3274,954,955,1040,2,9),
	(3275,954,955,1039,1,9),
	(3276,954,955,1038,6,9),
	(3277,955,NULL,1065,9,9),
	(3278,955,NULL,1044,7,7),
	(3279,955,955,1047,1,7),
	(3280,955,955,1048,6,7),
	(3281,955,955,1051,2,7),
	(3282,955,955,1050,4,7),
	(3283,955,955,1049,1,7),
	(3284,956,952,1057,4,9),
	(3285,956,952,1056,5,9),
	(3286,956,954,1060,2,9),
	(3287,956,954,1059,7,9),
	(3288,956,NULL,42,4,9),
	(3289,956,NULL,43,5,9),
	(3290,956,956,306,7,9),
	(3291,956,956,752,1,9),
	(3292,956,956,753,1,9),
	(3294,956,NULL,412,1,9),
	(3295,956,NULL,91,5,9),
	(3298,954,955,1063,9,9),
	(3299,952,954,1068,7,9),
	(3300,952,954,1069,1,9),
	(3301,952,954,1070,1,9),
	(3302,952,952,1071,8,9),
	(3303,952,952,1073,1,9),
	(3304,951,NULL,694,1,1),
	(3305,956,NULL,694,9,9),
	(3306,957,957,1026,1,1),
	(3307,957,958,1029,1,1),
	(3308,959,959,349,1,1),
	(3309,959,NULL,1032,1,1),
	(3310,959,959,1035,1,1),
	(3311,959,NULL,99,1,1),
	(3312,959,NULL,651,1,1),
	(3313,959,960,1040,1,1),
	(3314,960,NULL,1041,1,1),
	(3315,960,NULL,1044,1,1),
	(3316,960,960,1048,1,1),
	(3317,960,960,1050,1,1),
	(3318,961,957,1057,1,1),
	(3319,961,959,1052,1,1),
	(3320,961,NULL,42,1,1),
	(3321,961,NULL,43,1,1),
	(3322,961,NULL,412,1,1),
	(3323,961,NULL,91,1,1),
	(3324,961,959,1060,1,1),
	(3325,959,961,353,1,1),
	(3326,960,NULL,1065,1,1),
	(3327,957,959,1070,1,1),
	(3328,957,957,1071,1,1),
	(3329,963,963,1026,9,9),
	(3330,963,964,1031,5,9),
	(3331,963,964,1029,3,9),
	(3332,963,964,1030,2,9),
	(3333,965,965,106,6,9),
	(3334,965,965,719,3,9),
	(3335,965,NULL,1032,9,9),
	(3336,965,965,1076,5,9),
	(3337,965,965,102,4,9),
	(3338,949,949,1076,1,1),
	(3339,954,954,1076,7,9),
	(3340,954,954,102,2,9),
	(3341,959,959,1076,1,1),
	(3342,965,965,1036,2,9),
	(3343,965,965,1035,7,9),
	(3344,965,NULL,99,9,9),
	(3345,965,NULL,651,9,9),
	(3346,965,966,1040,9,9),
	(3347,966,NULL,1041,9,9),
	(3348,966,NULL,1044,9,9),
	(3349,966,966,1048,9,9),
	(3350,966,966,1049,4,9),
	(3351,966,966,1051,2,9),
	(3352,966,966,1050,3,9),
	(3353,967,963,1057,9,9),
	(3354,967,965,1052,9,9),
	(3355,967,NULL,42,9,9),
	(3356,967,967,753,9,9),
	(3357,967,NULL,1058,9,9),
	(3358,967,NULL,91,9,9),
	(3360,967,NULL,978,9,9),
	(3361,967,965,1059,9,9),
	(3362,965,966,1063,9,9),
	(3363,966,NULL,1065,9,9),
	(3364,963,965,1069,7,9),
	(3365,963,965,1068,2,9),
	(3366,963,963,1071,7,9),
	(3367,963,963,1072,2,9),
	(3368,967,946,1081,7,9),
	(3369,967,946,1082,2,9),
	(3370,951,943,1080,1,1),
	(3371,956,944,1080,9,9),
	(3372,961,945,1081,1,1),
	(3373,954,NULL,651,4,9),
	(3374,956,NULL,1058,8,9),
	(3375,956,NULL,14,4,9),
	(3376,955,NULL,1041,9,9),
	(3377,956,954,1052,2,9),
	(3378,956,954,1053,7,9),
	(3379,965,967,353,9,9),
	(3380,961,961,753,1,1),
	(3381,959,960,1063,1,1),
	(3382,949,951,353,1,1),
	(3383,954,956,353,9,9);

/*!40000 ALTER TABLE `hw_partial_writing` ENABLE KEYS */;
UNLOCK TABLES;


# Дамп таблицы hw_set
# ------------------------------------------------------------

DROP TABLE IF EXISTS `hw_set`;

CREATE TABLE `hw_set` (
  `set_id` int(11) NOT NULL,
  `person_id` int(11) DEFAULT NULL,
  `type_id` int(11) DEFAULT NULL,
  `amount` int(11) DEFAULT NULL,
  `verity` tinyint(1) DEFAULT NULL,
  `test_number` varchar(255) DEFAULT NULL,
  PRIMARY KEY (`set_id`),
  KEY `FK_hw_set_person_id` (`person_id`),
  KEY `FK_hw_set_type_id` (`type_id`),
  CONSTRAINT `FK_hw_set_person_id` FOREIGN KEY (`person_id`) REFERENCES `person` (`person_id`),
  CONSTRAINT `FK_hw_set_type_id` FOREIGN KEY (`type_id`) REFERENCES `hw_type` (`type_id`)
) ENGINE=InnoDB DEFAULT CHARSET=utf8 AVG_ROW_LENGTH=132;

LOCK TABLES `hw_set` WRITE;
/*!40000 ALTER TABLE `hw_set` DISABLE KEYS */;

INSERT INTO `hw_set` (`set_id`, `person_id`, `type_id`, `amount`, `verity`, `test_number`)
VALUES
	(1,1,1,10,1,'0'),
	(2,2,1,2,1,'0'),
	(3,3,1,10,1,'0'),
	(4,4,1,10,1,'0'),
	(5,5,1,10,1,'0'),
	(6,6,1,10,1,'0'),
	(7,7,1,10,1,'0'),
	(8,8,1,10,1,'0'),
	(9,9,1,10,1,'0'),
	(10,10,1,10,1,'0'),
	(11,11,1,10,1,'0'),
	(12,12,1,10,1,'0'),
	(13,13,1,10,1,'0'),
	(14,14,1,10,1,'0'),
	(15,15,1,10,1,'0'),
	(16,16,1,10,1,'0'),
	(17,17,1,10,1,'0'),
	(18,18,1,10,1,'0'),
	(19,19,1,10,1,'0'),
	(20,20,1,10,1,'0'),
	(21,21,1,10,1,'0'),
	(22,22,1,10,1,'0'),
	(23,23,1,10,1,'0'),
	(24,24,1,10,1,'0'),
	(25,25,1,10,1,'0'),
	(26,26,1,10,1,'0'),
	(27,27,1,10,1,'0'),
	(28,28,1,10,1,'0'),
	(29,1,1,1,0,'1'),
	(30,3,1,1,0,'1'),
	(32,4,1,1,0,'1'),
	(33,5,1,1,0,'1'),
	(34,6,1,1,0,'1'),
	(35,7,1,1,0,'1'),
	(36,8,1,1,0,'1'),
	(37,9,1,1,0,'1'),
	(38,10,1,1,0,'1'),
	(42,2,1,1,0,'1'),
	(43,11,1,1,0,'1'),
	(44,12,1,1,0,'1'),
	(47,13,1,1,0,'1'),
	(48,14,1,1,0,'1'),
	(49,15,1,1,0,'1'),
	(50,16,1,1,0,'1'),
	(51,17,1,1,0,'1'),
	(53,18,1,1,0,'1'),
	(54,19,1,1,0,'1'),
	(55,20,1,1,0,'1'),
	(56,21,1,1,0,'1'),
	(57,22,1,1,0,'1'),
	(58,23,1,1,0,'1'),
	(60,24,1,1,0,'1'),
	(61,25,1,1,0,'1'),
	(63,26,1,1,0,'1'),
	(64,27,1,1,0,'1'),
	(65,28,1,1,0,'1'),
	(81,14,1,9,0,'0'),
	(82,15,1,9,0,'0'),
	(83,16,1,9,0,'0'),
	(84,18,1,9,0,'0'),
	(85,17,1,9,0,'0'),
	(86,20,1,9,0,'0'),
	(87,21,1,9,0,'0'),
	(88,22,1,8,0,'0'),
	(90,23,1,9,0,'0'),
	(92,24,1,9,0,'0'),
	(95,26,1,10,0,'0'),
	(96,19,1,9,0,'0'),
	(97,1,1,8,0,'0'),
	(98,2,1,9,0,'0'),
	(99,3,1,9,0,'0'),
	(100,4,1,9,0,'0'),
	(101,5,1,9,0,'0'),
	(102,6,1,9,0,'0'),
	(103,7,1,9,0,'0'),
	(104,8,1,9,0,'0'),
	(105,9,1,9,0,'0'),
	(106,12,1,9,0,'0'),
	(107,10,1,9,0,'0'),
	(108,13,1,9,0,'0'),
	(109,11,1,9,0,'0'),
	(111,1,1,1,0,'2'),
	(112,2,1,1,0,'2'),
	(113,3,1,1,0,'2'),
	(114,4,1,1,0,'2'),
	(115,5,1,1,0,'2'),
	(116,6,1,1,0,'2'),
	(117,7,1,1,0,'2'),
	(118,8,1,1,0,'2'),
	(119,9,1,1,0,'2'),
	(120,10,1,1,0,'2'),
	(121,11,1,1,0,'2'),
	(122,12,1,1,0,'2'),
	(123,13,1,1,0,'2'),
	(124,14,1,1,0,'2'),
	(125,15,1,1,0,'2'),
	(126,17,1,1,0,'2'),
	(127,16,1,1,0,'2'),
	(128,22,1,1,0,'2'),
	(129,18,1,1,0,'2'),
	(130,20,1,1,0,'2'),
	(131,21,1,1,0,'2'),
	(132,24,1,1,0,'2'),
	(133,23,1,1,0,'2'),
	(134,19,1,1,0,'2'),
	(135,25,1,1,0,'2'),
	(136,25,1,9,0,'0'),
	(137,26,1,1,0,'2'),
	(138,27,1,7,0,'0'),
	(139,27,1,1,0,'2'),
	(140,28,1,7,0,'0'),
	(141,28,1,1,0,'2'),
	(142,29,1,9,1,'0'),
	(143,29,1,1,0,'1'),
	(144,29,1,9,0,'0'),
	(145,29,1,1,0,'2'),
	(146,62,1,1,0,'1'),
	(147,62,1,9,0,'0'),
	(149,62,1,10,1,'0'),
	(150,62,1,1,0,'2'),
	(151,30,1,1,0,'1'),
	(152,30,1,9,0,'0'),
	(153,30,1,1,0,'2'),
	(154,30,1,9,1,'0');

/*!40000 ALTER TABLE `hw_set` ENABLE KEYS */;
UNLOCK TABLES;


# Дамп таблицы hw_transcription
# ------------------------------------------------------------

DROP TABLE IF EXISTS `hw_transcription`;

CREATE TABLE `hw_transcription` (
  `transcription_id` int(11) NOT NULL AUTO_INCREMENT,
  `set_id` int(11) DEFAULT NULL,
  `letter_place` int(11) DEFAULT NULL,
  `link_next_id` int(11) DEFAULT NULL,
  `letter_id` int(11) DEFAULT NULL,
  `variant` tinyint(1) DEFAULT NULL,
  PRIMARY KEY (`transcription_id`),
  KEY `FK_hw_transcription_letter_id` (`letter_id`),
  KEY `FK_hw_transcription_link_next_id` (`link_next_id`),
  KEY `FK_hw_transcription_set_id` (`set_id`),
  CONSTRAINT `FK_hw_transcription_letter_id` FOREIGN KEY (`letter_id`) REFERENCES `hw_letter` (`letter_id`),
  CONSTRAINT `FK_hw_transcription_link_next_id` FOREIGN KEY (`link_next_id`) REFERENCES `hw_link_next` (`link_next_id`),
  CONSTRAINT `FK_hw_transcription_set_id` FOREIGN KEY (`set_id`) REFERENCES `hw_set` (`set_id`)
) ENGINE=InnoDB DEFAULT CHARSET=utf8 AVG_ROW_LENGTH=79;

LOCK TABLES `hw_transcription` WRITE;
/*!40000 ALTER TABLE `hw_transcription` DISABLE KEYS */;

INSERT INTO `hw_transcription` (`transcription_id`, `set_id`, `letter_place`, `link_next_id`, `letter_id`, `variant`)
VALUES
	(1,1,1,2,2,0),
	(2,1,2,1,47,0),
	(3,1,3,1,63,0),
	(4,1,4,2,64,0),
	(5,1,5,2,65,0),
	(6,1,6,5,65,0),
	(7,1,0,6,74,0),
	(8,2,0,6,74,0),
	(9,3,0,6,74,0),
	(10,4,0,6,74,0),
	(11,5,0,6,74,0),
	(12,6,0,6,74,0),
	(13,7,0,6,74,0),
	(14,8,0,6,74,0),
	(15,9,0,6,74,0),
	(16,10,0,6,74,0),
	(17,11,0,6,74,0),
	(18,12,0,6,74,0),
	(19,13,0,6,74,0),
	(20,14,0,6,74,0),
	(21,15,0,6,74,0),
	(22,16,0,6,74,0),
	(23,17,0,6,74,0),
	(24,18,0,6,74,0),
	(25,19,0,6,74,0),
	(26,20,0,6,74,0),
	(27,21,0,6,74,0),
	(28,22,0,6,74,0),
	(29,23,0,6,74,0),
	(30,24,0,6,74,0),
	(31,25,0,6,74,0),
	(32,26,0,6,74,0),
	(33,27,0,6,74,0),
	(34,28,0,6,74,0),
	(35,29,0,6,74,0),
	(36,29,1,1,2,0),
	(37,29,2,1,47,0),
	(38,29,3,2,64,0),
	(39,29,4,2,63,0),
	(40,29,5,5,65,0),
	(41,2,1,2,3,0),
	(42,2,2,1,39,0),
	(43,2,3,1,44,0),
	(44,2,4,2,64,0),
	(45,2,5,5,65,0),
	(46,30,0,6,74,0),
	(47,3,1,1,6,0),
	(48,3,2,1,33,0),
	(49,3,3,1,45,0),
	(50,3,4,1,17,0),
	(51,3,5,1,47,0),
	(52,3,6,1,39,0),
	(53,3,7,1,44,0),
	(54,3,8,2,64,0),
	(55,3,9,5,65,1),
	(57,32,0,6,74,0),
	(58,4,1,1,8,0),
	(60,4,2,5,64,0),
	(61,33,0,6,74,0),
	(66,5,1,2,8,0),
	(67,5,2,1,63,0),
	(68,5,3,1,63,1),
	(70,5,4,5,47,0),
	(71,34,0,6,74,0),
	(72,6,1,1,10,0),
	(73,6,2,5,64,0),
	(74,35,0,6,74,0),
	(78,36,0,6,74,0),
	(79,8,1,1,10,0),
	(80,8,2,1,66,0),
	(81,8,3,1,66,0),
	(82,8,4,1,66,1),
	(83,8,4,1,63,1),
	(84,8,5,2,64,0),
	(85,8,6,5,65,0),
	(86,37,0,6,74,0),
	(87,9,1,4,1,0),
	(88,9,2,1,3,0),
	(89,9,3,5,64,0),
	(90,38,0,6,74,0),
	(104,42,0,6,74,0),
	(105,43,0,6,74,0),
	(106,44,0,6,74,0),
	(113,11,1,1,11,0),
	(114,11,2,1,39,0),
	(115,11,3,1,66,1),
	(116,11,4,1,66,0),
	(117,11,5,5,64,0),
	(118,10,1,4,11,0),
	(119,10,2,3,1,0),
	(120,10,3,5,64,0),
	(121,12,1,3,11,0),
	(122,12,2,1,50,0),
	(123,12,3,1,63,0),
	(124,12,4,1,63,1),
	(125,12,5,1,63,1),
	(126,12,6,2,64,0),
	(127,12,7,5,65,0),
	(128,13,1,1,67,0),
	(129,13,2,1,63,0),
	(130,13,3,1,63,0),
	(131,13,4,1,63,0),
	(132,13,5,1,63,1),
	(133,13,6,3,18,0),
	(134,13,8,5,65,0),
	(135,14,1,1,12,0),
	(136,14,2,1,35,0),
	(137,14,3,1,34,0),
	(138,14,4,5,64,0),
	(139,15,1,2,12,0),
	(140,15,2,2,65,1),
	(141,15,3,1,35,0),
	(142,15,4,1,63,0),
	(143,15,5,1,63,1),
	(144,15,6,5,64,0),
	(145,16,1,2,13,0),
	(146,16,2,1,13,0),
	(147,16,3,2,63,0),
	(148,16,4,2,50,0),
	(149,16,5,1,5,0),
	(150,16,6,5,64,0),
	(151,17,1,1,15,0),
	(152,17,2,1,30,0),
	(153,17,3,1,44,1),
	(154,17,4,5,64,0),
	(155,18,1,2,15,0),
	(156,18,2,1,35,0),
	(157,18,3,1,44,0),
	(158,18,4,5,64,0),
	(159,19,1,1,15,0),
	(160,19,2,1,63,0),
	(161,19,3,1,66,0),
	(162,19,4,1,66,1),
	(163,19,5,1,3,0),
	(164,19,6,5,64,0),
	(165,19,7,5,65,0),
	(166,20,1,2,15,0),
	(167,20,2,1,67,0),
	(168,20,3,3,67,0),
	(169,20,4,1,63,0),
	(170,20,5,1,63,0),
	(171,20,6,1,63,1),
	(172,20,7,2,64,0),
	(173,20,8,5,65,1),
	(174,21,1,3,15,0),
	(175,21,2,1,50,0),
	(176,21,3,1,33,0),
	(177,21,4,2,64,0),
	(178,21,5,5,65,1),
	(179,42,1,2,3,0),
	(180,42,2,1,39,0),
	(181,42,3,1,44,0),
	(182,42,4,2,64,0),
	(183,42,5,5,65,0),
	(184,30,1,1,6,0),
	(185,30,2,1,33,0),
	(186,30,3,1,45,0),
	(187,30,4,1,17,0),
	(188,30,5,1,47,0),
	(189,30,6,1,39,0),
	(190,30,7,1,44,0),
	(191,30,8,5,64,0),
	(192,32,1,1,8,0),
	(193,32,2,5,64,0),
	(194,33,1,2,8,0),
	(195,33,2,1,63,0),
	(196,33,3,1,63,0),
	(197,33,4,5,47,0),
	(202,34,1,1,10,0),
	(203,34,2,5,64,0),
	(207,36,1,1,10,0),
	(208,36,2,1,66,0),
	(209,36,3,1,66,0),
	(210,36,4,2,64,0),
	(211,36,5,5,65,0),
	(212,37,1,4,1,0),
	(213,37,2,1,3,0),
	(214,37,3,5,64,0),
	(215,38,1,4,11,0),
	(216,38,2,2,1,0),
	(217,38,3,5,64,0),
	(218,43,1,1,11,0),
	(219,43,2,1,39,0),
	(220,43,3,1,66,0),
	(221,43,4,5,64,0),
	(222,44,1,1,11,0),
	(223,44,2,1,50,0),
	(224,44,3,1,63,0),
	(225,44,4,1,63,0),
	(226,44,5,1,63,0),
	(227,44,6,2,64,0),
	(228,44,7,5,65,0),
	(229,47,0,6,74,0),
	(230,48,0,6,74,0),
	(231,49,0,6,74,0),
	(232,50,0,6,74,0),
	(233,51,0,6,74,0),
	(235,53,0,6,74,0),
	(236,54,0,6,74,0),
	(237,55,0,6,74,0),
	(238,56,0,6,74,0),
	(239,57,0,6,74,0),
	(240,58,0,6,74,0),
	(242,60,0,6,74,0),
	(243,61,0,6,74,0),
	(245,63,0,6,74,0),
	(246,64,0,6,74,0),
	(247,65,0,6,74,0),
	(249,47,1,1,67,0),
	(250,47,2,1,63,0),
	(251,47,3,1,63,0),
	(252,47,4,1,18,0),
	(253,47,5,5,65,0),
	(254,48,1,1,12,0),
	(255,48,2,1,35,0),
	(256,48,3,1,34,0),
	(257,48,4,5,64,0),
	(258,49,1,2,12,0),
	(259,49,2,2,65,0),
	(260,49,3,1,35,0),
	(261,49,4,5,64,0),
	(262,50,1,2,13,0),
	(263,50,2,1,13,0),
	(264,50,4,2,50,0),
	(265,50,5,1,5,0),
	(266,50,6,5,64,0),
	(267,50,3,2,63,0),
	(342,81,0,6,74,0),
	(343,81,1,1,12,0),
	(344,81,2,1,35,0),
	(345,81,3,1,34,0),
	(346,81,4,5,64,0),
	(347,82,0,6,74,0),
	(348,82,1,2,12,0),
	(349,82,3,1,35,0),
	(350,82,4,5,64,0),
	(351,83,0,6,74,0),
	(352,83,1,2,13,0),
	(353,83,2,2,13,0),
	(354,83,3,3,50,0),
	(355,83,4,1,5,0),
	(356,83,5,2,64,0),
	(357,83,6,5,63,1),
	(358,84,0,6,74,0),
	(359,53,1,1,15,0),
	(360,53,2,1,35,0),
	(361,53,3,1,44,0),
	(362,53,4,5,64,0),
	(363,84,1,1,15,0),
	(364,84,2,1,35,0),
	(365,84,3,1,44,0),
	(366,84,4,5,64,0),
	(367,85,0,6,74,0),
	(368,51,1,1,15,0),
	(369,51,2,1,30,0),
	(370,51,3,1,44,0),
	(371,51,4,5,64,0),
	(372,85,1,1,15,0),
	(373,85,2,1,30,0),
	(374,85,3,1,44,0),
	(375,85,4,5,64,0),
	(376,86,0,6,74,0),
	(377,55,1,1,15,0),
	(378,55,2,1,67,0),
	(379,55,3,1,67,0),
	(380,55,4,1,63,0),
	(384,86,1,3,15,0),
	(385,86,2,1,67,0),
	(386,86,3,1,67,0),
	(387,86,4,1,63,0),
	(391,56,1,1,15,0),
	(392,56,2,1,50,0),
	(393,56,3,1,33,0),
	(394,56,4,1,66,0),
	(395,56,5,5,64,0),
	(396,87,0,6,74,0),
	(397,87,1,3,15,0),
	(398,87,2,1,50,0),
	(399,87,3,1,33,0),
	(400,87,4,1,66,1),
	(401,87,5,5,64,0),
	(402,88,0,6,74,0),
	(403,22,1,1,67,0),
	(404,22,2,2,71,0),
	(405,22,3,1,47,0),
	(406,22,4,1,63,0),
	(407,22,5,1,63,0),
	(408,22,6,1,63,1),
	(409,22,7,1,63,1),
	(410,22,8,2,64,0),
	(411,22,9,5,65,0),
	(412,57,1,1,67,0),
	(413,57,2,2,71,0),
	(414,57,3,1,47,0),
	(415,57,4,1,63,0),
	(416,57,5,1,63,0),
	(417,57,6,1,63,0),
	(418,57,7,1,63,0),
	(419,57,8,2,64,0),
	(420,57,9,5,65,0),
	(421,88,1,1,67,0),
	(422,88,2,1,71,1),
	(423,88,2,2,72,1),
	(424,88,3,1,47,0),
	(425,88,4,1,63,0),
	(426,88,5,1,63,0),
	(427,88,6,1,63,1),
	(428,88,7,1,63,1),
	(429,88,8,2,64,0),
	(430,88,9,5,65,0),
	(432,23,1,1,17,0),
	(433,23,2,1,39,0),
	(434,23,3,1,34,0),
	(435,23,4,5,64,0),
	(436,58,1,1,17,0),
	(437,58,2,1,39,0),
	(438,58,3,1,34,0),
	(439,58,4,5,64,0),
	(440,90,0,6,74,0),
	(441,90,1,1,17,0),
	(442,90,2,1,39,0),
	(443,90,3,1,34,0),
	(444,90,4,5,64,0),
	(446,92,0,6,74,0),
	(447,24,1,1,17,0),
	(448,24,2,1,43,0),
	(449,24,3,1,39,0),
	(450,24,4,1,63,1),
	(451,24,5,2,64,0),
	(452,24,6,5,65,0),
	(453,60,1,1,17,0),
	(454,60,2,1,43,0),
	(455,60,3,1,39,0),
	(456,60,4,2,64,0),
	(457,60,5,5,65,0),
	(458,92,1,1,17,0),
	(459,92,2,1,43,0),
	(460,92,3,1,39,0),
	(461,92,4,2,64,0),
	(462,92,5,5,65,0),
	(465,26,1,1,12,0),
	(466,26,2,1,21,0),
	(467,26,3,1,63,0),
	(468,26,4,1,63,0),
	(469,26,5,1,63,1),
	(470,26,6,5,64,0),
	(471,63,1,1,12,0),
	(472,63,2,1,21,0),
	(473,63,3,1,63,0),
	(474,63,4,1,63,0),
	(475,63,5,1,63,0),
	(476,63,6,5,64,0),
	(477,95,0,6,74,0),
	(478,95,1,1,12,0),
	(479,95,2,1,21,0),
	(480,95,3,1,63,0),
	(481,95,4,1,63,0),
	(482,95,5,1,63,1),
	(483,95,6,5,64,0),
	(484,54,1,1,15,0),
	(485,54,2,1,63,0),
	(486,54,3,1,66,0),
	(487,54,4,1,66,0),
	(488,54,5,1,3,0),
	(489,54,6,2,64,0),
	(490,54,7,5,65,0),
	(491,96,0,6,74,0),
	(492,96,1,1,15,0),
	(493,96,2,1,63,0),
	(494,96,4,1,66,1),
	(495,96,5,1,66,0),
	(496,96,6,1,3,0),
	(497,96,7,2,64,0),
	(498,96,8,5,65,0),
	(499,82,2,2,65,0),
	(500,97,1,2,2,0),
	(501,97,2,1,47,0),
	(502,97,3,2,64,0),
	(503,97,4,2,63,0),
	(504,97,5,2,65,0),
	(505,97,6,5,65,1),
	(506,98,1,2,3,0),
	(507,98,2,1,39,0),
	(508,98,3,1,44,0),
	(509,98,4,2,64,0),
	(510,98,5,5,65,0),
	(511,99,1,1,6,0),
	(512,99,2,1,33,0),
	(513,99,3,1,45,0),
	(514,99,4,1,17,0),
	(515,99,5,1,47,0),
	(516,99,6,1,39,0),
	(517,99,7,1,44,0),
	(518,99,8,2,64,0),
	(519,99,9,5,65,1),
	(520,100,1,1,8,0),
	(521,100,2,5,64,0),
	(522,101,1,3,8,0),
	(523,101,2,1,63,0),
	(524,101,3,1,63,1),
	(525,101,4,5,47,0),
	(526,102,1,1,10,0),
	(527,102,2,5,64,0),
	(534,103,1,1,3,0),
	(535,103,2,1,63,0),
	(536,103,3,1,63,1),
	(537,103,4,5,64,0),
	(538,7,1,1,3,0),
	(539,7,2,1,63,0),
	(540,7,3,1,63,1),
	(541,7,4,5,64,0),
	(542,35,1,1,3,0),
	(543,35,2,1,63,0),
	(544,35,3,1,63,0),
	(545,35,4,5,64,0),
	(546,104,1,1,10,0),
	(547,104,2,1,66,0),
	(548,104,3,1,66,0),
	(549,104,4,1,66,1),
	(550,104,5,2,64,1),
	(551,104,6,5,65,1),
	(552,105,1,4,1,0),
	(553,105,2,1,3,0),
	(554,105,3,5,64,0),
	(555,106,1,1,11,0),
	(556,106,2,1,50,0),
	(557,106,3,1,63,0),
	(558,106,4,1,63,0),
	(559,106,5,1,63,0),
	(560,106,6,1,63,1),
	(561,106,7,2,64,0),
	(562,106,8,5,65,0),
	(563,107,1,4,11,0),
	(564,107,2,1,1,0),
	(565,107,3,5,64,0),
	(566,108,1,1,67,0),
	(567,108,2,1,63,0),
	(568,108,3,1,63,0),
	(569,108,4,1,63,1),
	(570,108,6,1,18,0),
	(571,108,6,5,65,0),
	(572,97,0,6,74,0),
	(573,98,0,6,74,0),
	(574,99,0,6,74,0),
	(575,100,0,6,74,0),
	(576,101,0,6,74,0),
	(577,102,0,6,74,0),
	(578,103,0,6,74,0),
	(579,104,0,6,74,0),
	(580,105,0,6,74,0),
	(581,106,0,6,74,0),
	(582,107,0,6,74,0),
	(583,108,0,6,74,0),
	(584,109,0,6,74,0),
	(585,109,1,1,11,0),
	(586,109,2,1,39,0),
	(587,109,3,1,66,0),
	(588,109,4,5,64,0),
	(594,111,0,6,74,0),
	(595,111,1,2,2,0),
	(596,111,2,1,47,0),
	(597,111,3,1,63,0),
	(598,111,4,2,64,0),
	(599,111,5,2,65,0),
	(600,111,6,5,65,0),
	(601,112,0,6,74,0),
	(602,112,1,2,3,0),
	(603,112,2,1,39,0),
	(604,112,3,1,44,0),
	(605,112,4,2,64,0),
	(606,112,5,5,65,0),
	(607,113,0,6,74,0),
	(608,113,1,1,6,0),
	(609,113,2,1,33,0),
	(610,113,3,1,45,0),
	(611,113,4,1,17,0),
	(612,113,5,1,47,0),
	(613,113,6,1,39,0),
	(614,113,7,1,44,0),
	(615,113,8,5,64,0),
	(616,114,0,6,74,0),
	(617,114,1,1,8,0),
	(618,114,2,5,64,0),
	(619,115,0,6,74,0),
	(620,115,1,2,8,0),
	(621,115,2,1,63,0),
	(622,115,3,1,63,0),
	(623,115,4,5,47,0),
	(624,116,0,6,74,0),
	(625,116,1,1,10,0),
	(626,116,2,5,64,0),
	(627,117,0,6,74,0),
	(629,117,2,1,63,0),
	(630,117,3,1,63,0),
	(631,117,4,5,64,0),
	(632,117,1,1,3,0),
	(633,118,0,6,74,0),
	(634,118,1,1,10,0),
	(635,118,2,1,66,0),
	(636,118,3,1,66,0),
	(637,118,4,2,64,0),
	(638,118,5,5,65,0),
	(639,119,0,6,74,0),
	(640,119,1,4,1,0),
	(641,119,2,1,3,0),
	(642,119,3,5,64,0),
	(643,120,0,6,74,0),
	(644,120,1,4,11,0),
	(645,120,2,1,1,0),
	(646,120,3,5,64,0),
	(647,121,0,6,74,0),
	(648,121,1,1,11,0),
	(649,121,2,1,39,0),
	(650,121,3,1,66,0),
	(651,121,4,5,64,0),
	(652,122,0,6,74,0),
	(653,122,1,1,11,0),
	(654,122,2,1,50,0),
	(655,122,3,1,63,0),
	(656,122,4,1,63,0),
	(657,122,5,2,64,0),
	(658,122,6,5,65,0),
	(659,123,0,6,74,0),
	(660,123,1,1,67,0),
	(661,123,2,1,63,0),
	(662,123,3,1,63,0),
	(663,123,4,2,18,0),
	(664,123,5,5,65,0),
	(665,124,0,6,74,0),
	(666,124,1,1,12,0),
	(667,124,2,1,35,0),
	(668,124,3,1,34,0),
	(669,124,4,5,64,0),
	(670,125,0,6,74,0),
	(671,125,1,2,12,0),
	(672,125,2,1,35,0),
	(673,125,3,1,63,0),
	(674,125,4,1,63,0),
	(675,125,5,5,64,0),
	(676,126,0,6,74,0),
	(677,126,1,1,15,0),
	(678,126,2,1,30,0),
	(679,126,3,1,44,0),
	(680,126,4,5,64,0),
	(681,127,0,6,74,0),
	(682,127,1,2,13,0),
	(683,127,2,1,13,0),
	(684,127,3,2,63,0),
	(685,127,4,2,50,0),
	(686,127,5,1,5,0),
	(687,127,6,5,64,0),
	(688,128,0,6,74,0),
	(689,128,1,1,67,0),
	(690,128,2,2,71,0),
	(691,128,3,1,47,0),
	(692,128,4,1,63,0),
	(693,128,5,1,63,0),
	(694,128,6,1,63,0),
	(695,128,7,2,64,0),
	(696,128,8,5,65,0),
	(697,129,0,6,74,0),
	(698,129,1,2,15,0),
	(699,129,2,1,35,0),
	(700,129,3,1,44,0),
	(701,129,4,5,64,0),
	(702,130,0,6,74,0),
	(703,130,1,2,15,0),
	(704,130,2,1,67,0),
	(705,130,3,1,67,0),
	(706,130,4,1,63,0),
	(707,130,5,1,63,0),
	(708,130,6,5,64,0),
	(709,131,0,6,74,0),
	(710,131,1,2,15,0),
	(711,131,2,1,50,0),
	(712,131,3,1,33,0),
	(713,131,4,5,64,0),
	(714,132,0,6,74,0),
	(715,132,1,1,17,0),
	(716,132,2,1,43,0),
	(717,132,3,1,39,0),
	(718,132,4,2,64,0),
	(719,132,5,5,65,0),
	(720,133,0,6,74,0),
	(721,133,1,1,17,0),
	(722,133,2,1,39,0),
	(723,133,3,1,34,0),
	(724,133,4,5,64,0),
	(725,134,0,6,74,0),
	(726,134,1,1,15,0),
	(727,134,2,1,63,0),
	(728,134,3,1,66,0),
	(729,134,4,1,66,0),
	(730,134,5,1,66,0),
	(731,134,6,1,3,0),
	(732,134,7,2,64,0),
	(733,134,8,5,65,0),
	(734,135,0,6,74,0),
	(735,136,0,6,74,0),
	(736,137,0,6,74,0),
	(737,137,1,1,12,0),
	(738,137,2,1,21,0),
	(739,137,3,1,63,0),
	(740,137,4,1,63,0),
	(741,137,5,1,63,0),
	(742,137,6,5,64,0),
	(743,138,0,6,74,0),
	(744,139,0,6,74,0),
	(745,140,0,6,74,0),
	(746,141,0,6,74,0),
	(747,27,1,1,67,0),
	(748,27,2,1,67,0),
	(749,27,3,1,66,0),
	(750,27,4,1,66,0),
	(751,27,5,1,66,0),
	(752,27,6,1,66,1),
	(753,27,7,5,64,0),
	(754,139,1,1,67,0),
	(755,139,2,1,67,0),
	(756,139,3,1,66,0),
	(757,139,4,1,66,0),
	(758,139,5,1,66,0),
	(759,139,6,1,66,0),
	(760,139,7,5,64,0),
	(761,64,1,1,67,0),
	(762,64,2,1,67,0),
	(763,64,3,1,66,0),
	(764,64,4,1,66,0),
	(765,64,5,1,66,0),
	(766,64,6,5,64,0),
	(767,138,1,1,67,0),
	(768,138,2,1,67,0),
	(769,138,3,1,66,0),
	(770,138,4,1,66,0),
	(771,138,5,1,66,0),
	(772,138,6,1,66,1),
	(773,138,7,5,64,0),
	(774,28,1,1,27,0),
	(775,28,2,2,47,0),
	(776,28,3,2,65,0),
	(777,28,3,2,54,0),
	(778,28,5,2,65,0),
	(779,28,6,2,35,0),
	(780,28,7,2,44,0),
	(781,28,8,2,41,0),
	(782,28,9,2,45,0),
	(783,28,10,2,67,0),
	(784,28,11,2,67,0),
	(785,28,12,2,67,0),
	(786,28,13,2,65,0),
	(787,28,14,2,65,0),
	(788,28,15,2,65,0),
	(790,141,1,1,27,0),
	(791,141,2,2,47,0),
	(792,141,3,2,65,0),
	(793,141,4,2,54,0),
	(794,141,5,2,65,0),
	(795,141,6,2,35,0),
	(796,141,7,2,44,0),
	(797,141,8,2,41,0),
	(798,141,9,2,45,0),
	(799,141,10,2,67,0),
	(800,141,11,2,67,0),
	(801,141,12,2,67,0),
	(802,141,13,2,65,0),
	(803,141,14,2,65,0),
	(804,141,15,2,65,0),
	(806,28,16,5,65,0),
	(807,141,16,5,65,0),
	(808,65,1,1,27,0),
	(809,65,2,2,47,0),
	(810,65,3,2,54,0),
	(811,65,4,2,65,0),
	(812,65,5,2,35,0),
	(813,65,6,2,44,0),
	(814,65,7,2,41,0),
	(815,65,8,2,45,0),
	(816,65,9,2,67,0),
	(817,65,10,2,67,0),
	(818,65,11,2,67,0),
	(819,65,12,2,65,0),
	(820,65,13,2,65,0),
	(821,65,14,2,65,0),
	(822,65,15,2,65,0),
	(823,140,1,1,27,0),
	(824,140,2,2,47,0),
	(825,140,3,1,54,0),
	(826,140,4,1,35,0),
	(827,140,5,1,44,0),
	(828,140,6,3,41,0),
	(829,140,7,2,45,0),
	(830,140,8,2,67,0),
	(831,140,9,2,67,0),
	(832,140,10,2,67,0),
	(833,140,11,2,65,0),
	(834,140,12,2,65,0),
	(835,140,13,2,65,0),
	(836,140,14,2,65,1),
	(837,140,15,2,65,1),
	(838,25,1,1,18,0),
	(839,25,2,1,39,0),
	(840,25,3,1,52,0),
	(841,25,4,1,63,1),
	(842,25,5,5,64,1),
	(843,61,1,1,18,0),
	(844,61,2,1,39,0),
	(845,61,3,1,52,0),
	(846,61,4,5,64,0),
	(847,136,1,1,18,0),
	(848,136,2,1,39,0),
	(849,136,3,1,52,0),
	(850,136,4,5,64,0),
	(851,135,1,1,18,0),
	(852,135,2,1,39,0),
	(853,135,3,1,52,0),
	(854,135,4,1,66,0),
	(855,135,5,5,64,0),
	(856,142,0,6,74,0),
	(857,143,0,6,74,0),
	(858,144,0,6,74,0),
	(859,145,0,6,74,0),
	(860,142,1,1,10,0),
	(861,142,2,1,17,0),
	(862,142,3,1,63,0),
	(863,142,4,1,63,0),
	(864,142,5,1,63,0),
	(865,142,6,1,63,0),
	(866,142,7,1,63,0),
	(867,142,8,1,63,1),
	(868,142,9,2,64,0),
	(869,142,10,5,65,1),
	(870,143,1,1,10,0),
	(871,143,2,1,17,0),
	(872,143,3,1,63,0),
	(873,143,4,1,63,0),
	(874,143,5,1,63,0),
	(875,143,6,1,63,0),
	(876,143,7,2,64,0),
	(877,143,8,5,65,0),
	(878,144,1,1,10,0),
	(879,144,2,1,17,0),
	(880,144,3,1,63,0),
	(881,144,4,1,63,0),
	(882,144,5,1,63,0),
	(883,144,6,1,63,0),
	(884,144,7,1,63,1),
	(885,144,8,2,64,0),
	(886,144,9,5,65,0),
	(887,145,1,1,10,0),
	(888,145,2,1,17,0),
	(889,145,3,1,63,0),
	(890,145,4,1,63,0),
	(891,145,5,1,63,0),
	(892,145,6,1,63,0),
	(893,145,7,1,63,0),
	(894,145,8,1,63,0),
	(895,145,9,5,64,0),
	(896,146,0,6,74,0),
	(897,146,1,2,6,0),
	(898,146,2,2,51,0),
	(899,146,3,1,30,0),
	(900,146,4,2,34,0),
	(901,146,5,1,35,0),
	(904,147,0,6,74,0),
	(906,149,0,6,74,0),
	(907,150,0,6,74,0),
	(908,149,1,1,6,0),
	(909,149,2,1,51,0),
	(910,149,3,1,63,0),
	(911,149,4,1,63,0),
	(912,149,5,1,63,1),
	(913,149,6,3,67,0),
	(914,149,7,1,63,0),
	(915,149,8,1,63,0),
	(916,149,9,5,64,0),
	(917,147,1,3,6,0),
	(918,147,2,2,51,0),
	(919,147,3,1,30,0),
	(920,147,4,2,34,0),
	(921,147,5,1,30,0),
	(922,147,6,1,35,0),
	(923,147,7,5,40,0),
	(924,146,6,5,40,0),
	(925,150,1,1,6,0),
	(926,150,2,1,51,0),
	(927,150,3,1,63,0),
	(928,150,4,1,63,0),
	(929,150,5,1,63,0),
	(930,150,6,2,67,0),
	(931,150,7,1,66,0),
	(932,150,8,1,63,0),
	(933,150,9,1,63,0),
	(934,150,10,5,64,0),
	(935,55,5,1,63,0),
	(936,55,6,1,63,0),
	(937,55,7,1,63,1),
	(938,55,8,5,64,0),
	(939,86,5,1,63,0),
	(940,86,6,1,63,0),
	(941,86,7,1,63,1),
	(942,86,8,5,64,0),
	(943,151,0,6,74,0),
	(944,152,0,6,74,0),
	(945,153,0,6,74,0),
	(946,154,0,6,74,0),
	(947,151,1,2,14,0),
	(948,151,2,2,77,0),
	(949,151,3,1,1,0),
	(950,151,4,1,41,0),
	(951,151,5,5,64,0),
	(952,152,1,2,14,0),
	(953,152,2,2,77,0),
	(954,152,3,1,1,0),
	(955,152,4,1,41,0),
	(956,152,5,5,64,0),
	(957,153,1,2,14,0),
	(958,153,2,2,77,0),
	(959,153,3,1,1,0),
	(960,153,4,1,41,0),
	(961,153,5,2,64,0),
	(962,153,6,5,65,0),
	(963,154,1,2,14,0),
	(964,154,2,2,77,0),
	(965,154,3,1,1,0),
	(966,154,4,1,41,0),
	(967,154,5,5,64,0);

/*!40000 ALTER TABLE `hw_transcription` ENABLE KEYS */;
UNLOCK TABLES;


# Дамп таблицы hw_type
# ------------------------------------------------------------

DROP TABLE IF EXISTS `hw_type`;

CREATE TABLE `hw_type` (
  `type_id` int(11) NOT NULL AUTO_INCREMENT,
  `type` varchar(255) NOT NULL,
  PRIMARY KEY (`type_id`)
) ENGINE=InnoDB DEFAULT CHARSET=utf8 AVG_ROW_LENGTH=8192;

LOCK TABLES `hw_type` WRITE;
/*!40000 ALTER TABLE `hw_type` DISABLE KEYS */;

INSERT INTO `hw_type` (`type_id`, `type`)
VALUES
	(1,'подпись'),
	(2,'расшифровка');

/*!40000 ALTER TABLE `hw_type` ENABLE KEYS */;
UNLOCK TABLES;


# Дамп таблицы person
# ------------------------------------------------------------

DROP TABLE IF EXISTS `person`;

CREATE TABLE `person` (
  `person_id` int(11) NOT NULL AUTO_INCREMENT,
  `person_name` varchar(255) DEFAULT NULL,
  `person_surname` varchar(255) DEFAULT NULL,
  `person_patronymic` varchar(255) DEFAULT NULL,
  `birthday` datetime DEFAULT NULL,
  `position_id` int(11) DEFAULT NULL,
  `sex` varchar(100) DEFAULT NULL,
  PRIMARY KEY (`person_id`),
  KEY `FK_person_position_id` (`position_id`),
  CONSTRAINT `FK_person_position_id` FOREIGN KEY (`position_id`) REFERENCES `position` (`position_id`)
) ENGINE=InnoDB DEFAULT CHARSET=utf8 AVG_ROW_LENGTH=264;

LOCK TABLES `person` WRITE;
/*!40000 ALTER TABLE `person` DISABLE KEYS */;

INSERT INTO `person` (`person_id`, `person_name`, `person_surname`, `person_patronymic`, `birthday`, `position_id`, `sex`)
VALUES
	(1,'Ян','Брюквин','Александрович','1997-05-16 00:00:00',1,NULL),
	(2,'Кристина','Винник','Геннадьевна','1996-01-16 00:00:00',2,NULL),
	(3,'Александр','Егорин','Александрович','1996-08-12 00:00:00',2,NULL),
	(4,'Виктор','Захаров','Аркадьевич','1994-11-24 00:00:00',2,NULL),
	(5,'Анна','Захарова','Сергеевна','1997-04-08 00:00:00',2,NULL),
	(6,'Вероника','Капустина','Алексеевна','1996-09-15 00:00:00',2,NULL),
	(7,'Виктория','Ким','Сергеевна','1997-09-25 00:00:00',2,NULL),
	(8,'Мария','Коркунова','Владимировна','1997-08-10 00:00:00',2,NULL),
	(9,'Анастасия','Кряткина','Викторовна','1997-11-26 00:00:00',2,NULL),
	(10,'Арина','Лаптева','Олеговна','1996-08-17 00:00:00',2,NULL),
	(11,'Юлия','Лисина','Алексеевна','1996-06-07 00:00:00',2,NULL),
	(12,'Максим','Лугина','Олегович','1995-11-11 00:00:00',2,NULL),
	(13,'Татьяна','Ляцкая','Александровна','1996-01-27 00:00:00',2,NULL),
	(14,'Екатерина','Медведева','Александровна','1996-12-09 00:00:00',2,NULL),
	(15,'Ксения','Мешкова','Валерьевна','1996-10-03 00:00:00',2,NULL),
	(16,'Яна','Новикова','Игоревна','1996-08-24 00:00:00',1,NULL),
	(17,'Екатерина','Панфилова','Дмитриевна','1996-04-07 00:00:00',2,NULL),
	(18,'Татьяна','Пенькова','Владимировна','1996-09-22 00:00:00',1,NULL),
	(19,'Анастасия','Петрякова','Владимировна','1996-12-14 00:00:00',2,NULL),
	(20,'Глеб','Плехов','Сергеевич','1996-04-06 00:00:00',3,NULL),
	(21,'Анна','Пугачева','Евгеньевна','1995-12-15 00:00:00',2,NULL),
	(22,'Оксана','Салопаева','Аркадьевна','1996-08-09 00:00:00',2,NULL),
	(23,'Владислав','Сидоров','Андреевич','1996-05-05 00:00:00',2,NULL),
	(24,'Валерия','Смирнова','Юрьевна','1997-02-13 00:00:00',2,NULL),
	(25,'Владимир','Тихомиров','Андреевич','1996-07-25 00:00:00',1,NULL),
	(26,'Максим','Холецкий','Сергеевич','1996-05-13 00:00:00',2,NULL),
	(27,'Антон','Чеха','Евгеньевич','1996-11-05 00:00:00',2,NULL),
	(28,'Тимофей','Юрченко','Павлович','1997-03-04 00:00:00',3,NULL),
	(29,'Кристина','Скрынникова','Юрьевна','1994-01-17 00:00:00',NULL,NULL),
	(30,'Ольга','Аксютина','Павловна','1983-01-24 00:00:00',NULL,NULL),
	(31,'Ольга','Диденко','Александровна','1979-12-09 00:00:00',NULL,NULL),
	(32,'Дина','Пакалина','Ивановна','1973-08-20 00:00:00',NULL,NULL),
	(33,'Марина','Исмаилова','Александровна','1983-10-19 00:00:00',NULL,NULL),
	(34,'Ольга','Охлупина','Александровна','1964-04-01 00:00:00',NULL,NULL),
	(35,'Анастасия','Охлупина','Николаевна','1991-06-21 00:00:00',NULL,NULL),
	(36,'Николай','Охлупин','Алексеевич','1957-12-14 00:00:00',NULL,NULL),
	(37,'Мария','Новикова','Николаевна','1992-12-11 00:00:00',NULL,NULL),
	(38,'Роман','Новиков','Юрьевич','1989-04-21 00:00:00',NULL,NULL),
	(39,'Алексей','Хохлов','Георгиевич','1981-05-02 00:00:00',NULL,NULL),
	(40,'Анастасия','Чеботарь','Руслановна','1997-03-07 00:00:00',NULL,NULL),
	(41,'Умиджон','Мусаев','Бобонон Угли','1996-09-08 00:00:00',NULL,NULL),
	(42,'Екатерина','Панкратова','Павловна','1993-06-14 00:00:00',NULL,NULL),
	(43,'Алина','Маломан','Степановна','1998-09-29 00:00:00',NULL,NULL),
	(44,'Игорь','Усков','Николаевич','1967-08-11 00:00:00',NULL,NULL),
	(45,'Татьяна','Орлова','Владимировна','1975-06-30 00:00:00',NULL,NULL),
	(46,'Любовь','Захарова','Юрьевна','1982-02-23 00:00:00',NULL,NULL),
	(47,'Мария','Кулева','Андреевна','1996-08-16 00:00:00',NULL,NULL),
	(48,'Юлия','Простакишина','Александровна','1993-07-05 00:00:00',NULL,NULL),
	(49,'Анатолий','Савкин','Юрьевич','1991-06-07 00:00:00',NULL,NULL),
	(50,'Сергей','Николаев','Николаевич','1979-04-05 00:00:00',NULL,NULL),
	(51,'Александр','Колмаков','Владимирович','1989-04-25 00:00:00',NULL,NULL),
	(52,'Константин','Потапов','Алексеевич','1986-07-23 00:00:00',NULL,NULL),
	(53,'Наталья','\nЗаливина','Николаевна','1992-10-25 00:00:00',NULL,NULL),
	(54,'Ольга','Остапова','Николаевна','1969-05-05 00:00:00',NULL,NULL),
	(55,'Александр','Шленский','Валерьевич','1991-03-05 00:00:00',NULL,NULL),
	(56,'Александр','Родионов','Юрьевич','1983-06-10 00:00:00',NULL,NULL),
	(57,'Елена','Святская','Евгеньевна','1983-12-21 00:00:00',NULL,NULL),
	(58,'Ылхам','Хаджынурбанов','Тахырович','1993-04-14 00:00:00',NULL,NULL),
	(59,'Василий','Сазонов','Иванович','1984-12-07 00:00:00',NULL,NULL),
	(60,'Василий','Бабич','Владимирович','1987-04-25 00:00:00',NULL,NULL),
	(61,'Никита','Анисимов','Владимирович','1991-01-22 00:00:00',NULL,NULL),
	(62,'Елена','Фадеева','Викторовна','1977-01-01 00:00:00',NULL,NULL);

/*!40000 ALTER TABLE `person` ENABLE KEYS */;
UNLOCK TABLES;


# Дамп таблицы position
# ------------------------------------------------------------

DROP TABLE IF EXISTS `position`;

CREATE TABLE `position` (
  `position_id` int(11) NOT NULL AUTO_INCREMENT,
  `position` varchar(255) NOT NULL,
  PRIMARY KEY (`position_id`)
) ENGINE=InnoDB DEFAULT CHARSET=utf8 AVG_ROW_LENGTH=5461;

LOCK TABLES `position` WRITE;
/*!40000 ALTER TABLE `position` DISABLE KEYS */;

INSERT INTO `position` (`position_id`, `position`)
VALUES
	(1,'командир отделения'),
	(2,'курсант'),
	(3,'заместитель командира взвода');

/*!40000 ALTER TABLE `position` ENABLE KEYS */;
UNLOCK TABLES;


# Дамп таблицы q_answer
# ------------------------------------------------------------

DROP TABLE IF EXISTS `q_answer`;

CREATE TABLE `q_answer` (
  `answer_id` int(11) NOT NULL AUTO_INCREMENT,
  `question_id` int(11) DEFAULT NULL,
  `number_in_question` int(11) DEFAULT NULL,
  `answer_text_id` int(11) DEFAULT NULL,
  `score` int(11) DEFAULT NULL,
  `question_id_id` int(11) DEFAULT NULL,
  PRIMARY KEY (`answer_id`),
  KEY `question_id` (`question_id`),
  KEY `q_answer_ibfk_2` (`answer_text_id`),
  CONSTRAINT `q_answer_ibfk_2` FOREIGN KEY (`answer_text_id`) REFERENCES `q_answer_text` (`answer_text_id`) ON DELETE CASCADE ON UPDATE CASCADE,
  CONSTRAINT `q_answer_ibfk_3` FOREIGN KEY (`question_id`) REFERENCES `q_question` (`question_id`) ON DELETE CASCADE ON UPDATE CASCADE
) ENGINE=InnoDB DEFAULT CHARSET=utf8;



# Дамп таблицы q_answer_text
# ------------------------------------------------------------

DROP TABLE IF EXISTS `q_answer_text`;

CREATE TABLE `q_answer_text` (
  `answer_text_id` int(11) NOT NULL AUTO_INCREMENT,
  `answer_text` varchar(255) DEFAULT NULL,
  PRIMARY KEY (`answer_text_id`)
) ENGINE=InnoDB DEFAULT CHARSET=utf8;

LOCK TABLES `q_answer_text` WRITE;
/*!40000 ALTER TABLE `q_answer_text` DISABLE KEYS */;

INSERT INTO `q_answer_text` (`answer_text_id`, `answer_text`)
VALUES
	(1,'да'),
	(2,'нет'),
	(3,'полностью не согласен'),
	(4,'скорее не согласен'),
	(5,'согласен'),
	(6,'полностью согласен'),
	(7,'не могу определиться');

/*!40000 ALTER TABLE `q_answer_text` ENABLE KEYS */;
UNLOCK TABLES;


# Дамп таблицы q_comment
# ------------------------------------------------------------

DROP TABLE IF EXISTS `q_comment`;

CREATE TABLE `q_comment` (
  `comment_id` int(11) NOT NULL AUTO_INCREMENT,
  `comment_text` text,
  PRIMARY KEY (`comment_id`)
) ENGINE=InnoDB DEFAULT CHARSET=utf8;



# Дамп таблицы q_interval_name
# ------------------------------------------------------------

DROP TABLE IF EXISTS `q_interval_name`;

CREATE TABLE `q_interval_name` (
  `interval_name_id` int(11) NOT NULL AUTO_INCREMENT,
  `interval_nickname` varchar(255) DEFAULT NULL,
  `interval_name` varchar(255) DEFAULT NULL,
  PRIMARY KEY (`interval_name_id`)
) ENGINE=InnoDB DEFAULT CHARSET=utf8;

LOCK TABLES `q_interval_name` WRITE;
/*!40000 ALTER TABLE `q_interval_name` DISABLE KEYS */;

INSERT INTO `q_interval_name` (`interval_name_id`, `interval_nickname`, `interval_name`)
VALUES
	(1,'н','низкий'),
	(2,'с','средний'),
	(3,'в','высокий'),
	(4,'нн','низкий-низкий'),
	(5,'нс','низкий-средний'),
	(6,'нв','низкий-высокий'),
	(7,'сн','средний-низкий'),
	(8,'сс','средний-средний'),
	(9,'св','средний-высокий'),
	(10,'вн','высокий-низкий'),
	(11,'вс','высокий-средний'),
	(12,'вв','высокий-высокий');

/*!40000 ALTER TABLE `q_interval_name` ENABLE KEYS */;
UNLOCK TABLES;


# Дамп таблицы q_interval_score
# ------------------------------------------------------------

DROP TABLE IF EXISTS `q_interval_score`;

CREATE TABLE `q_interval_score` (
  `interval_score_id` int(11) NOT NULL AUTO_INCREMENT,
  `min_score` int(11) DEFAULT NULL,
  `max_score` int(11) DEFAULT NULL,
  PRIMARY KEY (`interval_score_id`)
) ENGINE=InnoDB DEFAULT CHARSET=utf8;

LOCK TABLES `q_interval_score` WRITE;
/*!40000 ALTER TABLE `q_interval_score` DISABLE KEYS */;

INSERT INTO `q_interval_score` (`interval_score_id`, `min_score`, `max_score`)
VALUES
	(1,0,1),
	(2,2,3),
	(3,4,6),
	(4,7,8),
	(5,9,10),
	(6,11,12);

/*!40000 ALTER TABLE `q_interval_score` ENABLE KEYS */;
UNLOCK TABLES;


# Дамп таблицы q_interval_set
# ------------------------------------------------------------

DROP TABLE IF EXISTS `q_interval_set`;

CREATE TABLE `q_interval_set` (
  `interval_set_id` int(11) NOT NULL AUTO_INCREMENT,
  `interval_set_name_id` int(11) DEFAULT NULL,
  `interval_name_id` int(11) DEFAULT NULL,
  `number_in_interval_set` int(11) DEFAULT NULL,
  PRIMARY KEY (`interval_set_id`),
  KEY `interval_set_name_id` (`interval_set_name_id`),
  CONSTRAINT `q_interval_set_ibfk_1` FOREIGN KEY (`interval_set_name_id`) REFERENCES `q_interval_set_name` (`interval_set_name_id`)
) ENGINE=InnoDB DEFAULT CHARSET=utf8;



# Дамп таблицы q_interval_set_name
# ------------------------------------------------------------

DROP TABLE IF EXISTS `q_interval_set_name`;

CREATE TABLE `q_interval_set_name` (
  `interval_set_name_id` int(11) NOT NULL AUTO_INCREMENT,
  `interval_set_name` varchar(255) DEFAULT NULL,
  PRIMARY KEY (`interval_set_name_id`)
) ENGINE=InnoDB DEFAULT CHARSET=utf8;

LOCK TABLES `q_interval_set_name` WRITE;
/*!40000 ALTER TABLE `q_interval_set_name` DISABLE KEYS */;

INSERT INTO `q_interval_set_name` (`interval_set_name_id`, `interval_set_name`)
VALUES
	(1,'н-в-3'),
	(2,'нн-вв-6'),
	(3,'нн-вв-9');

/*!40000 ALTER TABLE `q_interval_set_name` ENABLE KEYS */;
UNLOCK TABLES;


# Дамп таблицы q_partitioning
# ------------------------------------------------------------

DROP TABLE IF EXISTS `q_partitioning`;

CREATE TABLE `q_partitioning` (
  `partitioning_id` int(11) NOT NULL AUTO_INCREMENT,
  `interval_id` int(11) DEFAULT NULL,
  `partitioning_scale_id` int(11) DEFAULT NULL,
  `number_in_partitioning` int(11) DEFAULT NULL,
  PRIMARY KEY (`partitioning_id`),
  KEY `partitioning_scale_id` (`partitioning_scale_id`),
  CONSTRAINT `q_partitioning_ibfk_1` FOREIGN KEY (`partitioning_scale_id`) REFERENCES `q_partitioning_scale` (`partitioning_scale_id`)
) ENGINE=InnoDB DEFAULT CHARSET=utf8;



# Дамп таблицы q_partitioning_scale
# ------------------------------------------------------------

DROP TABLE IF EXISTS `q_partitioning_scale`;

CREATE TABLE `q_partitioning_scale` (
  `partitioning_scale_id` int(11) NOT NULL AUTO_INCREMENT,
  `scale_id` int(11) DEFAULT NULL,
  `partitioning_scale_name` varchar(255) DEFAULT NULL,
  `interval_set_id` int(11) DEFAULT NULL,
  PRIMARY KEY (`partitioning_scale_id`),
  KEY `scale_id` (`scale_id`),
  KEY `interval_set_id` (`interval_set_id`),
  CONSTRAINT `q_partitioning_scale_ibfk_1` FOREIGN KEY (`scale_id`) REFERENCES `q_scale` (`scale_id`),
  CONSTRAINT `q_partitioning_scale_ibfk_2` FOREIGN KEY (`interval_set_id`) REFERENCES `q_interval_set` (`interval_set_id`)
) ENGINE=InnoDB DEFAULT CHARSET=utf8;



# Дамп таблицы q_person_selection
# ------------------------------------------------------------

DROP TABLE IF EXISTS `q_person_selection`;

CREATE TABLE `q_person_selection` (
  `person_selection_id` int(10) unsigned NOT NULL AUTO_INCREMENT,
  `person_id` int(11) DEFAULT NULL,
  `answer_id` int(11) DEFAULT NULL,
  PRIMARY KEY (`person_selection_id`),
  KEY `answer_id` (`answer_id`),
  KEY `person_id` (`person_id`),
  CONSTRAINT `q_person_selection_ibfk_1` FOREIGN KEY (`answer_id`) REFERENCES `q_answer` (`answer_id`),
  CONSTRAINT `q_person_selection_ibfk_2` FOREIGN KEY (`person_id`) REFERENCES `person` (`person_id`)
) ENGINE=InnoDB DEFAULT CHARSET=latin1;



# Дамп таблицы q_question
# ------------------------------------------------------------

DROP TABLE IF EXISTS `q_question`;

CREATE TABLE `q_question` (
  `question_id` int(11) NOT NULL AUTO_INCREMENT,
  `number_in_questionnaire` int(11) DEFAULT NULL,
  `questionnaire_id` int(11) DEFAULT NULL,
  `question_text_id` int(11) DEFAULT NULL,
  PRIMARY KEY (`question_id`),
  KEY `q_question_ibfk_1` (`questionnaire_id`),
  KEY `q_question_ibfk_2` (`question_text_id`),
  CONSTRAINT `q_question_ibfk_1` FOREIGN KEY (`questionnaire_id`) REFERENCES `q_questionnaire` (`questionnaire_id`) ON DELETE CASCADE ON UPDATE CASCADE,
  CONSTRAINT `q_question_ibfk_2` FOREIGN KEY (`question_text_id`) REFERENCES `q_question_text` (`question_text_id`) ON DELETE CASCADE ON UPDATE CASCADE
) ENGINE=InnoDB DEFAULT CHARSET=utf8 AVG_ROW_LENGTH=4096;

LOCK TABLES `q_question` WRITE;
/*!40000 ALTER TABLE `q_question` DISABLE KEYS */;

INSERT INTO `q_question` (`question_id`, `number_in_questionnaire`, `questionnaire_id`, `question_text_id`)
VALUES
	(1,1,1,1),
	(2,2,1,2),
	(3,3,1,3),
	(4,4,1,4),
	(5,5,1,5),
	(6,6,1,6),
	(7,7,1,7),
	(8,8,1,8),
	(9,9,1,9),
	(11,11,1,11),
	(12,12,1,12),
	(13,13,1,13),
	(14,14,1,14),
	(16,15,1,15),
	(17,16,1,16),
	(19,17,1,17),
	(20,18,1,18),
	(21,19,1,19),
	(22,20,1,20),
	(23,21,1,21),
	(24,22,1,22),
	(25,23,1,23),
	(26,24,1,24),
	(27,25,1,25),
	(29,27,1,27),
	(30,28,1,28),
	(31,29,1,29),
	(32,30,1,30),
	(34,31,1,31),
	(35,32,1,32),
	(36,33,1,33),
	(37,34,1,34),
	(38,35,1,35),
	(39,36,1,36),
	(40,37,1,37),
	(41,38,1,38),
	(42,39,1,39),
	(43,40,1,40),
	(44,41,1,41),
	(45,42,1,42),
	(46,43,1,43),
	(47,44,1,44),
	(48,45,1,45),
	(49,46,1,46),
	(50,47,1,47),
	(51,48,1,48),
	(52,49,1,49),
	(53,50,1,50),
	(55,51,1,51),
	(56,52,1,52),
	(57,53,1,53),
	(59,54,1,54),
	(60,55,1,55),
	(61,56,1,56),
	(62,57,1,57),
	(63,58,1,58),
	(64,59,1,59),
	(65,60,1,60),
	(66,61,1,61),
	(67,62,1,62),
	(68,63,1,63),
	(69,64,1,64),
	(70,65,1,65),
	(71,66,1,66),
	(72,67,1,67),
	(73,68,1,68),
	(74,69,1,69),
	(75,70,1,70),
	(76,71,1,71),
	(77,72,1,72),
	(78,73,1,73),
	(80,75,1,75),
	(81,76,1,76),
	(82,77,1,77),
	(83,78,1,78),
	(84,79,1,79),
	(86,80,1,80),
	(87,81,1,81),
	(88,82,1,82),
	(91,83,1,83),
	(92,84,1,84),
	(93,85,1,85),
	(94,86,1,86),
	(95,87,1,87),
	(96,88,1,88),
	(97,89,1,89),
	(98,90,1,90),
	(99,91,1,91),
	(100,92,1,92),
	(101,93,1,93),
	(102,94,1,94),
	(103,95,1,95),
	(104,96,1,96),
	(105,97,1,97),
	(106,98,1,98),
	(107,99,1,99),
	(108,100,1,100),
	(109,101,1,101),
	(110,102,1,102),
	(111,103,1,103),
	(112,104,1,104),
	(113,105,1,105),
	(114,1,2,106),
	(115,2,2,107),
	(116,3,2,108),
	(117,4,2,109),
	(118,5,2,110),
	(119,6,2,111),
	(120,7,2,112),
	(121,8,2,113),
	(122,9,2,114),
	(124,10,2,115),
	(125,11,2,116),
	(126,12,2,117),
	(127,13,2,118),
	(128,14,2,119),
	(129,15,2,120),
	(130,16,2,121),
	(131,17,2,122),
	(133,18,2,123),
	(134,19,2,124),
	(136,20,2,125),
	(137,21,2,126),
	(138,22,2,127),
	(139,23,2,128),
	(141,24,2,129),
	(142,25,2,130),
	(143,26,2,131),
	(144,27,2,131),
	(145,28,2,132),
	(146,29,2,133),
	(147,30,2,134),
	(148,31,2,135),
	(149,32,2,136),
	(150,33,2,137),
	(151,34,2,138),
	(152,35,2,139),
	(153,36,2,140),
	(154,37,2,141),
	(155,38,2,142),
	(156,39,2,143),
	(157,40,2,144);

/*!40000 ALTER TABLE `q_question` ENABLE KEYS */;
UNLOCK TABLES;


# Дамп таблицы q_question_scale
# ------------------------------------------------------------

DROP TABLE IF EXISTS `q_question_scale`;

CREATE TABLE `q_question_scale` (
  `question_scale_id` int(11) NOT NULL AUTO_INCREMENT,
  `question_id` int(11) DEFAULT NULL,
  `scale_id` int(11) DEFAULT NULL,
  PRIMARY KEY (`question_scale_id`),
  KEY `question_id` (`question_id`),
  KEY `scale_id` (`scale_id`),
  CONSTRAINT `q_question_scale_ibfk_1` FOREIGN KEY (`question_id`) REFERENCES `q_question` (`question_id`),
  CONSTRAINT `q_question_scale_ibfk_2` FOREIGN KEY (`scale_id`) REFERENCES `q_scale` (`scale_id`)
) ENGINE=InnoDB DEFAULT CHARSET=utf8;



# Дамп таблицы q_question_text
# ------------------------------------------------------------

DROP TABLE IF EXISTS `q_question_text`;

CREATE TABLE `q_question_text` (
  `question_text_id` int(11) NOT NULL AUTO_INCREMENT,
  `question_text` varchar(255) DEFAULT NULL,
  PRIMARY KEY (`question_text_id`)
) ENGINE=InnoDB DEFAULT CHARSET=utf8 AVG_ROW_LENGTH=278;

LOCK TABLES `q_question_text` WRITE;
/*!40000 ALTER TABLE `q_question_text` DISABLE KEYS */;

INSERT INTO `q_question_text` (`question_text_id`, `question_text`)
VALUES
	(1,'Подвижный ли Вы человек?'),
	(2,'Всегда ли Вы готовы с ходу, не раздумывая, включиться в разговор?'),
	(3,'Предпочитаете ли Вы уединение большой компании?'),
	(4,'Испытываете ли Вы постоянную жажду деятельности?'),
	(5,'Ваша речь обычно медленна и нетороплива?'),
	(6,'Ранимый ли Вы человек? '),
	(7,'Часто ли Вам не спится из-за того, что Вы поссорились с друзьями? '),
	(8,'В свободное время Вам всегда хочется заняться чем-либо? '),
	(9,'В разговоре с другими людьми Ваша речь часто опережает Вашу мысль? '),
	(11,'Чувствовали бы Вы себя несчастным человеком, если бы на длительное время были лишены возможности общения с людьми? '),
	(12,'Вы когда-нибудь опаздывали на свидание или на работу? '),
	(13,'Нравится ли Вам быстро бегать? '),
	(14,'Сильно ли Вы переживаете неполадки в своей работе? '),
	(15,'Легко ли Вам выполнять работу, требующую длительного внимания и большой сосредоточенности? '),
	(16,'Трудно ли Вам говорить очень быстро? '),
	(17,'Часто ли вы испытываете тревогу, что выполнили работу не так, как нужно? '),
	(18,'Часто ли Ваши мысли перескакивают с одной на другую во время разговора? '),
	(19,'Нравятся ли Вам игры, требующие быстроты и ловкости? '),
	(20,'Легко ли Вы можете найти другие варианты решения известной задачи? '),
	(21,'Испытываете ли Вы чувство беспокойства, что Вас неправильно поняли в разговоре? '),
	(22,'Охотно ли Вы выполняете сложную ответственную работу? '),
	(23,'Бывает ли, что Вы говорите о вещах, в которых не разбираетесь? '),
	(24,'Легко ли Вы воспринимаете быструю речь? '),
	(25,'Легко ли Вам делать одновременно очень много дел? '),
	(27,'Вы обычно предпочитаете делать несложные дела, не требующие от Вас большой энергии? '),
	(28,'Легко ли Вы расстраиваетесь, когда обнаруживаете незначительные недостатки в своей работе? '),
	(29,'Любите ли Вы сидячую работу? '),
	(30,'Легко ли Вам общаться с разными людьми? '),
	(31,'Вы обычно предпочитаете подумать, взвесить и лишь потом высказаться? '),
	(32,'Все ли Ваши привычки хороши, желательны? '),
	(33,'Быстры ли у Вас движения рук? '),
	(34,'Вы обычно молчите и не вступаете в контакты, когда находитесь в обществе малознакомых людей? '),
	(35,'Легко ли Вам переключаться от одного варианта решения задачи на другой? '),
	(36,'Склонны ли Вы преувеличивать в своём воображении негативное отношение близких людей? '),
	(37,'Разговорчивый ли Вы человек? '),
	(38,'Вам обычно легко выполнять дело, требующее мгновенных реакций? '),
	(39,'Вы обычно говорите свободно, без запинок? '),
	(40,'Беспокоят ли Вас страхи, что Вы не справитесь с работой? '),
	(41,'Легко ли Вы обижаетесь, когда близкие Вам люди указывают на Ваши недостатки? '),
	(42,'Испытываете ли Вы тягу к напряжённой ответственной деятельности? '),
	(43,'Считаете ли Вы свои движения медленными и неторопливыми? '),
	(44,'Бывают ли у Вас мысли, которые Вы хотели бы скрыть от других? '),
	(45,'Можете ли Вы без долгих раздумий задать щекотливый вопрос другому человеку? '),
	(46,'Доставляют ли Вам удовольствие быстрые движения? '),
	(47,'Легко ли Вы \"генерируете\" новые идеи, связанные с работой? '),
	(48,'Сосёт ли у Вас \"под ложечкой\" перед ответственным разговором? '),
	(49,'Можно ли сказать, что Вы быстро выполняете порученное Вам дело? '),
	(50,'Любите ли Вы браться за большие дела самостоятельно? '),
	(51,'Богатая ли у Вас мимика в разговоре? '),
	(52,'Если Вы обещали что-то сделать, всегда ли Вы выполняете своё обещание независимо от того, удобно вам это или нет? '),
	(53,'Испытываете ли Вы чувство обиды от того, что окружающие Вас люди обходятся с Вами хуже, чем следовало бы? '),
	(54,'Вы обычно предпочитаете выполнять одновременно только одну операцию? '),
	(55,'Любите ли Вы игры в быстром темпе? '),
	(56,'Много ли в Вашей речи длительных пауз? '),
	(57,'Легко ли Вам внести оживление в компанию? '),
	(58,'Вы обычно чувствуете в себе избыток сил и Вам хочется заняться каким-нибудь делом? '),
	(59,'Обычно Вам трудно переключить внимание с одного дела на другое? '),
	(60,'Бывает ли, что у Вас надолго портится настроение от того, что сорвалось запланированное дело? '),
	(61,'Часто ли Вам не спится из-за того, что не ладятся дела, связанные непосредственно с работой? '),
	(62,'Любите ли Вы бывать в большой компании? '),
	(63,'Волнуетесь ли Вы выясняя отношения с друзьями? '),
	(64,'Испытываете ли Вы потребность в работе, требующей полной отдачи сил? '),
	(65,'Выходите ли Вы иногда из себя, злитесь? '),
	(66,'Склонны ли Вы решать много задач одновременно? '),
	(67,'Держитесь ли Вы свободно в большой компании? '),
	(68,'Часто ли Вы высказываете своё первое впечатление, не подумав? '),
	(69,'Беспокоит ли Вас чувство неуверенности в процессе выполнения работы? '),
	(70,'Медленны ли Ваши движения, когда Вы что-то мастерите? '),
	(71,'Легко ли Вы переключаетесь с одной работы на другую? '),
	(72,'Быстро ли Вы читаете вслух? '),
	(73,'Вы иногда сплетничаете? '),
	(75,'Нуждаетесь ли Вы в людях, которые бы Вас ободрили и утешили? '),
	(76,'Охотно ли Вы выполняете множество различных поручений одновременно? '),
	(77,'Охотно ли Вы выполняете работу в быстром темпе? '),
	(78,'В свободное время Вас обычно тянет пообщаться с людьми? '),
	(79,'Часто ли у Вас бывает бессонница при неудачах на работе? '),
	(80,'Дрожат ли у Вас иногда руки во время ссоры? '),
	(81,'Долго ли Вы мысленно готовитесь перед тем, как высказать своё мнение? '),
	(82,'Есть ли среди Ваших знакомых люди, которые Вам явно не нравятся? '),
	(83,'Обычно вы предпочитаете лёгкую работу?'),
	(84,'Легко ли Вас обидеть в разговоре по пустякам? '),
	(85,'Обычно Вы первым в компании решаетесь начать разговор? '),
	(86,'Испытываете ли Вы тягу к людям? '),
	(87,'Склонны ли Вы вначале поразмыслить, а потом говорить? '),
	(88,'Часто ли Вы волнуетесь по поводу своей работы? '),
	(89,'Всегда ли Вы платили бы за провоз багажа на транспорте, если бы не опасались проверки? '),
	(90,'Держитесь ли Вы обычно обособленно на вечеринках или в компаниях? '),
	(91,'Склонны ли вы преувеличивать в своём воображении неудачи, связанные с работой? '),
	(92,'Нравится ли Вам быстро говорить? '),
	(93,'Легко ли Вам удержаться от высказывания неожиданно возникшей идеи? '),
	(94,'Предпочитаете ли Вы работать медленно? '),
	(95,'Переживаете ли Вы из-за малейших неполадок на работе? '),
	(96,'Вы предпочитаете медленный, спокойный разговор? '),
	(97,'Часто ли Вы волнуетесь из-за ошибок в работе, которые были Вами допущены? '),
	(98,'Способны ли Вы успешно выполнять длительную, трудоёмкую работу? '),
	(99,'Можете ли Вы, не долго думая, обратиться с просьбой к другому человеку? '),
	(100,'Часто ли Вас беспокоит чувство неуверенности в себе при общении с людьми? '),
	(101,'Легко ли Вы берётесь за выполнение новых заданий? '),
	(102,'Устаёте ли Вы, когда Вам приходится говорить долго? '),
	(103,'Вы предпочитаете работать с прохладцей, без особого напряжения? '),
	(104,'Нравится ли Вам разнообразная работа, требующая переключения внимания? '),
	(105,'Любите ли Вы подолгу бывать наедине с собой?'),
	(106,'Ваше настроение бывает в основном веселым, приподнятым?'),
	(107,'Может ли нанесенная Вам обида переживаться Вами также остро или даже сильнее через длительное время?'),
	(108,'Глубокие переживания вызывают у Вас слезы?'),
	(109,'По окончании любой работы у Вас возникают сомнения в качестве ее выполнения?'),
	(110,'Любое новое событие в Вашей жизни пугает Вас?'),
	(111,'У Вас бывают колебания настроения от очень веселого до очень тоскливого?'),
	(112,'Вы постоянно стремитесь быть в центре внимания?'),
	(113,'Вы часто раздражены и недовольны окружающей обстановкой?'),
	(114,'Вы – замкнутый, немногословный человек?'),
	(115,'Вы способны чем-либо восторгаться до самозабвения?'),
	(116,'Вы заражаете людей оптимизмом?'),
	(117,'Вы с трудом забываете нанесенные Вам незначительные обиды?'),
	(118,'Вы чувствительный, мягкосердечный человек?'),
	(119,'Кинув письмо в почтовый ящик, Вы проверяете, опустилось ли оно или нет, не застряло ли оно в щели?'),
	(120,'Вы готовы мстить за личную измену?'),
	(121,'Вы в детстве боялись грозы (или собак)?'),
	(122,'Вы стремитесь всегда и во всем поддерживать порядок?'),
	(123,'Ваше настроение постоянно колеблется без особых причин?'),
	(124,'Может ли Ваше радостное настроение резко смениться глубокой печалью?'),
	(125,'Вы – вспыльчивый человек?'),
	(126,'Вы находитесь, как правило, в подавленном настроении?'),
	(127,' Ваше восприятие художественных произведений чрезвычайно обострено?'),
	(128,' Вы постоянно заняты делом?'),
	(129,'Оскорбления, нанесенные Вам, вызывают в Вас скрытую ярость?'),
	(130,'Вы можете зарезать живую птицу?'),
	(131,'Вас раздражает, когда вещь лежит не на своем месте?'),
	(132,'Вы боитесь оставаться один дома?'),
	(133,' У Вас бывают беспричинные колебания настроения?'),
	(134,'В своей профессиональной деятельности Вы стремитесь быть первым?'),
	(135,'Вы легко впадаете в гнев?'),
	(136,'Вы способны быть долгое время веселым?'),
	(137,'Бывает ли у Вас на фоне плохого настроения ощущение бурного восторга?'),
	(138,'Ваши контакты с людьми легки и разнообразны?'),
	(139,'Вы впечатлительны как ребенок?'),
	(140,'Вас пугает вид крови?'),
	(141,'Ваша словоохотливость может сиюминутно смениться полной замкнутостью?'),
	(142,'Вы в глубине души честолюбивый человек?'),
	(143,'Вы боитесь спуститься в темный погреб, войти в пустую неосвещенную комнату?'),
	(144,'Вы предпочитаете тщательную и медленную работу?'),
	(145,'Иногда Вы общительный человек, а иногда из Вас слова не вытянешь?'),
	(146,'Вы прекрасно чувствуете себя на сцене?'),
	(147,'Вам трудно контролировать свои сильные желания?'),
	(148,'Вам жизнь кажется невыносимо тяжелой?'),
	(149,'Вам легко разыграть болезнь, чтобы не пойти на работу или учебу?'),
	(150,'Даже при неудаче Вы не теряете чувство юмора, оптимизма?'),
	(151,'Вам легко помириться с человеком, который Вас сильно обидел?'),
	(152,'Вы испытываете чувство сострадания к бездомным животным?'),
	(153,'Вас постоянно беспокоят мысли, что с Вами или с вашими родными что-нибудь случиться?'),
	(154,'Ваше настроение колеблется в зависимости от погоды?'),
	(155,' Вам трудно выступать на собрании, делать доклад и т.п. перед большой аудиторией?'),
	(156,'Вы готовы ударить человека, если он Вас сильно оскорбит?'),
	(157,'Вам нравится бывать в веселых компаниях?'),
	(158,'Вы – человек-романтик – то полон грез, то полон печали?'),
	(159,' Вам легко заниматься организаторской деятельностью?'),
	(160,'Могут ли трагические фильмы взволновать Вас так, что на глазах выступят слезы?'),
	(161,'Вы долго помните критические замечания в Ваш адрес?'),
	(162,'Вам страшно пройти в позднее время по темной улице?'),
	(163,'Вы тщательно следите за тем, чтобы в Вашем доме каждая вещь лежала на своем месте?'),
	(164,'Ложась спать в отличном расположении духа, Вы часто утром встаете в подавленном, мрачном настроении?'),
	(165,'В любой ситуации Вы отводите себе ведущую роль?'),
	(166,'Когда Вас «задевают за больное», Вы можете ударить?'),
	(167,'Вы часто смеетесь?'),
	(168,'Инициатива, как правило, исходит от Вас?'),
	(169,'Вы очень сильно любите природу?'),
	(170,'Вы стремитесь навести порядок везде и во всем?'),
	(171,'Вы боязливый человек?'),
	(172,'Ваше настроение колеблется под влиянием алкоголя?'),
	(173,'Вы любите, чтобы Вами восхищались?'),
	(174,'Во время спора Вы можете пустить в ход кулаки?'),
	(175,'Вы к будущему относитесь пессимистически?'),
	(176,'Вы подвержены частым перепадам настроения от радости до грусти?'),
	(177,'В любой компании Вы создаете радостное настроение?'),
	(178,'Вы готовы мстить даже сильному противнику?'),
	(179,'Вы сильно переживаете горести других людей?'),
	(180,'В школьные годы из-за одной помарки Вы начинали новую тетрадь?'),
	(181,'Страшные сны оказывают на Вас сильное впечатление?'),
	(182,'Период хорошего настроения без причины у Вас может смениться апатией?'),
	(183,'Под влиянием алкоголя Вы становитесь агрессивным?'),
	(184,'В беседе Вы скорее немногословны?'),
	(185,'Вы способны увлечь других неординарностью своих поступков и мыслей?'),
	(186,'самочуствие хорошее-плохое'),
	(187,'чувствую себя сильным-слабым'),
	(188,'пассивный-активный'),
	(189,'малоподвижный-подвижный'),
	(190,'веселый-грустный'),
	(191,'настроение хорошее-плохое'),
	(192,'работоспособный-разбитый'),
	(193,'полный сил-обессиленный'),
	(194,'медлительный-быстрый'),
	(195,'бездеятельный-деятельный'),
	(196,'счастливый-несчастный'),
	(197,'жизнерадостный-мрачный'),
	(198,'напряженный-расслабленныйй'),
	(199,'здоровый-больной'),
	(200,'безучастный-увлеченный'),
	(201,'равнодушный-взволнованный'),
	(202,'восторженный-унылый'),
	(203,'радостный-печальный'),
	(204,'отдохнувший-усталый'),
	(205,'свежий-изнуренный'),
	(206,'сонливый-возбужденный'),
	(207,'желание отдохнуть-работать'),
	(208,'спокойный-озобоченный'),
	(209,'оптимистичный-пессимистичный'),
	(210,'выносливый-утомляемый'),
	(211,'бодрый-вялый'),
	(212,'Иногда я не могу сдержать желание ударить другого человека'),
	(213,'Если меня спровоцировать, я могу ударить другого человека'),
	(214,'Если кто-то ударит меня, я дам сдачи'),
	(215,'Я дерусь чаще, чем окружающие'),
	(216,'Если для защиты моих прав мне надо применить физическую силу, я так и сделаю'),
	(217,'Некоторые люди своим обращением ко мне могут довести меня до драки'),
	(218,'Я не могу представить себе причину, достаточную, чтобы ударить другого человека'),
	(219,'Бывало, что я угрожал своим знакомым'),
	(220,'Иногда я настолько выходил из себя, что ломал вещи'),
	(221,'Я быстро вспыхиваю, но и быстро остываю'),
	(222,'Я раздражаюсь, когда у меня что-то не получается'),
	(223,'Иногда я чувствую, что вот-вот взорвусь'),
	(224,'У меня спокойный характер'),
	(225,'Некоторые мои друзья считают, что я вспыльчив'),
	(226,'Иногда я выхожу из себя без особой причины'),
	(227,'Мне трудно сдерживать раздражение'),
	(228,'Бывает, что я просто схожу с ума от ревности'),
	(229,'Временами мне кажется, что жизнь мне что-то не додала'),
	(230,'Другим постоянно везет'),
	(231,'Я не понимаю, почему иной раз мне бывает так горько'),
	(232,'Я знаю, что мои так называемые друзья сплетничают обо мне'),
	(233,'Я не доверяю слишком доброжелательным людям'),
	(234,'Иногда мне кажется, что люди насмехаются надо мной за глаза'),
	(235,'Если человек слишком мил со мной, значит он от меня что-то хочет');

/*!40000 ALTER TABLE `q_question_text` ENABLE KEYS */;
UNLOCK TABLES;


# Дамп таблицы q_questionnaire
# ------------------------------------------------------------

DROP TABLE IF EXISTS `q_questionnaire`;

CREATE TABLE `q_questionnaire` (
  `questionnaire_id` int(11) NOT NULL AUTO_INCREMENT,
  `questionnaire_nickname` varchar(255) DEFAULT NULL,
  `questionnaire_name` varchar(255) DEFAULT NULL,
  PRIMARY KEY (`questionnaire_id`)
) ENGINE=InnoDB DEFAULT CHARSET=utf8;

LOCK TABLES `q_questionnaire` WRITE;
/*!40000 ALTER TABLE `q_questionnaire` DISABLE KEYS */;

INSERT INTO `q_questionnaire` (`questionnaire_id`, `questionnaire_nickname`, `questionnaire_name`)
VALUES
	(1,'ОСТ','Опросник структуры темперамента'),
	(2,'ОЧХ','Опросник черт характера'),
	(3,'САН','Самочувствие, активность, настроение'),
	(4,'БП','Склонность к агрессии по Бассу-Перри');

/*!40000 ALTER TABLE `q_questionnaire` ENABLE KEYS */;
UNLOCK TABLES;


# Дамп таблицы q_result
# ------------------------------------------------------------

DROP TABLE IF EXISTS `q_result`;

CREATE TABLE `q_result` (
  `result_id` int(11) NOT NULL AUTO_INCREMENT,
  `person_id` int(11) DEFAULT NULL,
  `scale_id` int(11) DEFAULT NULL,
  `raw_score` int(11) DEFAULT NULL,
  `result_score` int(11) DEFAULT NULL,
  PRIMARY KEY (`result_id`),
  KEY `person_id` (`person_id`),
  KEY `scale_id` (`scale_id`),
  CONSTRAINT `q_result_ibfk_1` FOREIGN KEY (`person_id`) REFERENCES `person` (`person_id`),
  CONSTRAINT `q_result_ibfk_2` FOREIGN KEY (`scale_id`) REFERENCES `q_scale` (`scale_id`)
) ENGINE=InnoDB DEFAULT CHARSET=utf8;



# Дамп таблицы q_scale
# ------------------------------------------------------------

DROP TABLE IF EXISTS `q_scale`;

CREATE TABLE `q_scale` (
  `scale_id` int(11) NOT NULL AUTO_INCREMENT,
  `scale_name` varchar(255) DEFAULT NULL,
  `scale_nickname` varchar(255) DEFAULT NULL,
  PRIMARY KEY (`scale_id`)
) ENGINE=InnoDB DEFAULT CHARSET=utf8;

LOCK TABLES `q_scale` WRITE;
/*!40000 ALTER TABLE `q_scale` DISABLE KEYS */;

INSERT INTO `q_scale` (`scale_id`, `scale_name`, `scale_nickname`)
VALUES
	(1,'Предметная энергичность','ПрЭн'),
	(2,'Социальная энергичность','СоцЭн'),
	(3,'Пластичность','Пласт'),
	(4,'Социальная пластичность','СоцПласт'),
	(5,'Темп','Темп'),
	(6,'Социальный темп','СоцТемп'),
	(7,'Правдивость','К'),
	(8,'Застревание','З'),
	(9,'Демонстративность','Де'),
	(10,'Педантичность','П'),
	(11,'Возбудимость','В'),
	(12,'Гипертимность','Г'),
	(13,'Дистимность','Ди'),
	(14,'Циклотимность','Ц'),
	(15,'Экзальтированность','Эк'),
	(16,'Эмотивность','Эм'),
	(17,'Тревожность','Т'),
	(18,'Самочувствие','С'),
	(19,'Активность','А'),
	(20,'Настроение','Н'),
	(21,'Агрессивность','А'),
	(22,'Гнев','Г'),
	(23,'Враждебность','В');

/*!40000 ALTER TABLE `q_scale` ENABLE KEYS */;
UNLOCK TABLES;



/*!40111 SET SQL_NOTES=@OLD_SQL_NOTES */;
/*!40101 SET SQL_MODE=@OLD_SQL_MODE */;
/*!40014 SET FOREIGN_KEY_CHECKS=@OLD_FOREIGN_KEY_CHECKS */;
/*!40101 SET CHARACTER_SET_CLIENT=@OLD_CHARACTER_SET_CLIENT */;
/*!40101 SET CHARACTER_SET_RESULTS=@OLD_CHARACTER_SET_RESULTS */;
/*!40101 SET COLLATION_CONNECTION=@OLD_COLLATION_CONNECTION */;
